{
  "05_09_ECC": {
    "sslCertificateId": null,
    "msconnectorversion": null,
    "connectorms": false,
    "connectiondescription": "05_09_ECC123",
    "templateName": null,
    "statusForEnableDisable": 1,
    "vaultCredentialConnection": null,
    "sslCertificate": null,
    "vaultConfig": null,
    "externalconnectiontype": "SAP",
    "credentialChangeConfig": null,
    "connectionname": "05_09_ECC",
    "templateMandatoryData": null,
    "connectorType": null,
    "status": 1,
    "EXTERNAL_ATTR": 
    [
      {
        "formdata": null,
        "credentialSaveStatus": false,
        "encryptedattributevalue": "800",
        "attributename": "PROV_JCO_CLIENT"
      },
      {
        "formdata": null,
        "attributename": "RESET_PWD_FOR_NEWACCOUNT",
        "credentialSaveStatus": false,
        "encryptedattributevalue": "FALSE"
      },
      {
        "attributename": "SETCUASYSTEM",
        "formdata": null,
        "credentialSaveStatus": false,
        "encryptedattributevalue": "FALSE"
      },
      {
        "encryptedattributevalue": "{\"statusAndThresholdConfig\":{\"statusColumn\":\"userlock\",\"activeStatus\":[\"0\",\"128\"],\"deleteLinks\":true,\"accountThresholdValue\":1000,\"correlateInactiveAccounts\":true,\"inactivateAccountsNotInFile\":false,\"deleteAccEntForActiveAccounts\":false,\"lockedStatusColumn\":\"userlock\",\"lockedStatusMapping\":{\"Locked\":[\"32\",\"64\"],\"Unlocked\":[\"0\",\"128\"]}}}",
        "formdata": null,
        "credentialSaveStatus": false,
        "attributename": "STATUS_THRESHOLD_CONFIG"
      },
      {
        "formdata": null,
        "attributename": "JCO_USER",
        "encryptedattributevalue": "ECC4518",
        "credentialSaveStatus": false
      },
      {
        "formdata": null,
        "encryptedattributevalue": "en",
        "credentialSaveStatus": false,
        "attributename": "JCO_LANG"
      },
      {
        "formdata": null,
        "attributename": "MESSAGESERVER",
        "credentialSaveStatus": false,
        "encryptedattributevalue": "FALSE"
      },
      {
        "formdata": null,
        "attributename": "PROV_JCO_USER",
        "encryptedattributevalue": "ECC4518",
        "credentialSaveStatus": false
      },
      {
        "encryptedattributevalue": "{\"ADDRESS\":{\"LASTNAME\":\"${user.lastname}\",\"FIRSTNAME\":\"${user.firstname}\",\"E_MAIL\":\"${user.email}\"},\"DEFAULTS\":{\"DCPFM\":\"X\",\"DATFM\":\"2\",\"SPDA\":\"D\"},\"SNC\":{\"GUIFLAG\":\"U\",\"PNAME\":\"p:${accountName}@CORP.INT\"},\"LOGONDATA\":{\"USTYP\":\"A\",\"GLTGB\":\"99991231\"},\"PASSWORD\":{\"BAPIPWD\":\"${randomPassword}\"}}",
        "formdata": null,
        "credentialSaveStatus": false,
        "attributename": "CREATEACCOUNTJSON"
      },
      {
        "attributename": "SNC",
        "formdata": null,
        "credentialSaveStatus": false,
        "encryptedattributevalue": "FALSE"
      },
      {
        "formdata": null,
        "credentialSaveStatus": false,
        "attributename": "EXTERNAL_SOD_EVAL_JSON",
        "encryptedattributevalue": null
      },
      {
        "formdata": null,
        "attributename": "UPDATEACCOUNTJSON",
        "encryptedattributevalue": "{\"ADDRESS\":{\"FIRSTNAME\":\"${user.firstname}\",\"LASTNAME\":\"${user.lastname}\"},\"LOGONDATA\":{\"CLASS\":\"TEST\"},\"DEFAULTS\":{\"LANGU\":\"EN\",\"TIMEFM\":\"0\",\"DATFM\":\"1\",\"SPLD\":\"LOCL\"}}",
        "credentialSaveStatus": false
      },
      {
        "formdata": null,
        "credentialSaveStatus": false,
        "attributename": "JCO_CLIENT",
        "encryptedattributevalue": "800"
      },
      {
        "formdata": null,
        "attributename": "TABLES",
        "encryptedattributevalue": "USR02, USR04, USER_ADDR, USRACL, USR06, TSTC, TSTCT, AGR_AGRS, AGR_TEXTS, AGR_DEFINE, AGR_USERS, USORG, AGR_1252, AGR_1251",
        "credentialSaveStatus": false
      },
      {
        "formdata": null,
        "encryptedattributevalue": "DELETEACCOUNT",
        "credentialSaveStatus": false,
        "attributename": "TERMINATED_USER_ROLE_ACTION"
      },
      {
        "formdata": null,
        "encryptedattributevalue": "sap2.remoteides.com",
        "attributename": "PROV_JCO_ASHOST",
        "credentialSaveStatus": false
      },
      {
        "formdata": null,
        "encryptedattributevalue": "sap2.remoteides.com",
        "attributename": "JCO_ASHOST",
        "credentialSaveStatus": false
      },
      {
        "encryptedattributevalue": "0",
        "formdata": null,
        "attributename": "JCO_SNC_MODE",
        "credentialSaveStatus": false
      },
      {
        "encryptedattributevalue": "45",
        "formdata": null,
        "credentialSaveStatus": false,
        "attributename": "JCO_SYSNR"
      },
      {
        "formdata": null,
        "credentialSaveStatus": false,
        "attributename": "ALTERNATE_OUTPUT_PARAMETER_ET_DATA",
        "encryptedattributevalue": null
      },
      {
        "formdata": null,
        "attributename": "PROV_JCO_LANG",
        "encryptedattributevalue": "en",
        "credentialSaveStatus": false
      },
      {
        "formdata": null,
        "credentialSaveStatus": false,
        "attributename": "ENABLEACCOUNTJSON",
        "encryptedattributevalue": "{\"LOGONDATA\":{\"GLTGV\":\"${new  java.text.SimpleDateFormat('yyyyMMdd').format(user.startdate)}\",\"GLTGB\":\"${user.enddate==null?'99991231': new java.text.SimpleDateFormat('yyyyMMdd').format(user.enddate)}\"}}"
      },
      {
        "formdata": null,
        "attributename": "PROV_CUA_ENABLED",
        "credentialSaveStatus": false,
        "encryptedattributevalue": "FALSE"
      },
      {
        "formdata": null,
        "encryptedattributevalue": "ECC",
        "attributename": "SYSTEMNAME",
        "credentialSaveStatus": false
      },
      {
        "encryptedattributevalue": "45",
        "attributename": "PROV_JCO_SYSNR",
        "formdata": null,
        "credentialSaveStatus": false
      },
      {
        "formdata": null,
        "credentialSaveStatus": false,
        "attributename": "AOB_CONNECTION_TEMPLATE_VARIABLES",
        "encryptedattributevalue": "{\"@TMP_PASSWORD@\":\"\",\"@TMP_JCO_LANG@\":\"en\",\"@TMP_JCO_CLIENT@\":\"800\",\"@TMP_JCO_USER@\":\"ECC4518\",\"@TMP_JCO_ASHOST@\":\"sap2.remoteides.com\",\"@TMP_JCO_SYSNR@\":\"45\"}"
      },
      {
        "formdata": null,
        "credentialSaveStatus": false,
        "attributename": "JCO_R3NAME",
        "encryptedattributevalue": null
      },
      {
        "formdata": null,
        "attributename": "JCO_MSHOST",
        "credentialSaveStatus": false,
        "encryptedattributevalue": null
      },
      {
        "attributename": "JCO_MSSERV",
        "formdata": null,
        "credentialSaveStatus": false,
        "encryptedattributevalue": null
      },
      {
        "formdata": null,
        "attributename": "JCO_GROUP",
        "credentialSaveStatus": false,
        "encryptedattributevalue": null
      },
      {
        "formdata": null,
        "credentialSaveStatus": false,
        "attributename": "JCO_SNC_PARTNERNAME",
        "encryptedattributevalue": null
      },
      {
        "formdata": null,
        "attributename": "JCO_SNC_MYNAME",
        "credentialSaveStatus": false,
        "encryptedattributevalue": null
      },
      {
        "formdata": null,
        "attributename": "JCO_SNC_LIBRARY",
        "credentialSaveStatus": false,
        "encryptedattributevalue": null
      },
      {
        "formdata": null,
        "attributename": "JCO_SNC_QOP",
        "credentialSaveStatus": false,
        "encryptedattributevalue": null
      },
      {
        "formdata": null,
        "credentialSaveStatus": false,
        "attributename": "TERMINATEDUSERGROUP",
        "encryptedattributevalue": null
      },
      {
        "formdata": null,
        "attributename": "PROV_JCO_R3NAME",
        "credentialSaveStatus": false,
        "encryptedattributevalue": null
      },
      {
        "formdata": null,
        "credentialSaveStatus": false,
        "attributename": "PROV_JCO_MSHOST",
        "encryptedattributevalue": null
      },
      {
        "formdata": null,
        "attributename": "PROV_JCO_MSSERV",
        "credentialSaveStatus": false,
        "encryptedattributevalue": null
      },
      {
        "formdata": null,
        "attributename": "PROV_JCO_GROUP",
        "credentialSaveStatus": false,
        "encryptedattributevalue": null
      },
      {
        "attributename": "PROV_CUA_SNC",
        "formdata": null,
        "credentialSaveStatus": false,
        "encryptedattributevalue": null
      },
      {
        "formdata": null,
        "attributename": "HANAREFTABLEJSON",
        "credentialSaveStatus": false,
        "encryptedattributevalue": null
      },
      {
        "attributename": "USERIMPORTJSON",
        "formdata": null,
        "credentialSaveStatus": false,
        "encryptedattributevalue": null
      },
      {
        "attributename": "FIREFIGHTERID_GRANT_ACCESS_JSON",
        "formdata": null,
        "credentialSaveStatus": false,
        "encryptedattributevalue": null
      },
      {
        "formdata": null,
        "credentialSaveStatus": false,
        "attributename": "FIREFIGHTERID_REVOKE_ACCESS_JSON",
        "encryptedattributevalue": null
      },
      {
        "formdata": null,
        "attributename": "MODIFYUSERDATAJSON",
        "credentialSaveStatus": false,
        "encryptedattributevalue": null
      },
      {
        "formdata": null,
        "credentialSaveStatus": false,
        "attributename": "EXTERNAL_SOD_EVAL_JSON_DETAIL",
        "encryptedattributevalue": null
      },
      {
        "formdata": null,
        "credentialSaveStatus": false,
        "attributename": "LOGS_TABLE_FILTER",
        "encryptedattributevalue": null
      },
      {
        "formdata": null,
        "credentialSaveStatus": false,
        "attributename": "PAM_CONFIG",
        "encryptedattributevalue": null
      },
      {
        "formdata": null,
        "encryptedattributevalue": "E",
        "credentialSaveStatus": false,
        "attributename": "SAPTABLE_FILTER_LANG"
      },
      {
        "formdata": null,
        "credentialSaveStatus": false,
        "attributename": "AUDIT_LOG_JSON",
        "encryptedattributevalue": null
      },
      {
        "formdata": null,
        "encryptedattributevalue": "ECC",
        "credentialSaveStatus": false,
        "attributename": "ECC_OR_S4HANA"
      }
    ]
  }
}