{
  "AccessRequest-Approved": {
    "bccfld": null,
    "templatecontent": "<div>Hello ${requestor.firstname} ${requestor.lastname}, <br><br><div>The ${endpoint.displayName} Access Request ID#: ${requestid} for ${user.firstname} ${user.lastname} (${user.username}) has been approved.<\u002fdiv><div> <br> <b>Request Type:<\u002fb> ${requesttype} <br> <br><b>Requested Entitlements:<\u002fb><br>  ${entitlementshtmltablerows} Application Entitlement   Description   Glossary  <br><b>Request Comments:<\u002fb> <br> <i>${request.comments}<\u002fi> <br><br><span style=\"box-sizing: border-box; margin: 0px; padding: 0px;\"><u><strong>Note<\u002fstrong><\u002fu>: <u><em><strong>This is an auto-generated email; please do not reply to this message.<\u002fstrong><\u002fem><\u002fu><\u002fspan><br><span><br>Regards,<br> Identity, Governance and Administration (IGA) Team<\u002fspan><\u002fdiv><\u002fdiv>",
    "contentAsHtml": true,
    "tofld": "${requestor.email}",
    "isAdvHtmlCss": false,
    "fromfld": "ssm-alerts@saviynt.com",
    "id": "AccessRequest-Approved",
    "subjectfld": "Saviynt - ${endpoint.displayName} Access Request ID : ${requestid} Approved for ${user.firstname} ${user.lastname} (${user.username})",
    "ccfld": "${user.email},${manager.email}"
  }
}