{
  "AccessRequest-Removal-Manager-Reject": {
    "bccfld": null,
    "templatecontent": "<div>Hello ${assignee.firstname} ${assignee.lastname},<\u002fdiv><div><br><\u002fdiv><div>A Revoke request has been raised for ${users.firstname} ${users.lastname} for ${endpoint} Application.<\u002fdiv><div><br><\u002fdiv><div>Please Approve or reject the request to remove the access by logging into the Saviynt Application.<\u002fdiv><div><br><\u002fdiv><div>URL :<a href=\"https://CUSTOMER-ENV.saviyntcloud.com/ECMv6/request/requestHome\" target=\"\" rel=\"\">https://CUSTOMER-ENV.saviyntcloud.com/ECMv6/request/requestHome<\u002fa><\u002fdiv><div><br><\u002fdiv><div>Note:  You are receiving this email because you are listed as manager of ${users.firstname} ${users.lastname} in Saviynt Access Request System.<\u002fdiv><div><br><\u002fdiv><div><i><b>This is an autogenerated email; please do not reply to this message.<\u002fb><\u002fi><\u002fdiv><br>Regards,<br>Identity, Governance and Administration (IGA) Team",
    "contentAsHtml": true,
    "tofld": "${assignee.email}",
    "isAdvHtmlCss": false,
    "fromfld": "ssm-alerts@saviynt.com",
    "id": "AccessRequest-Removal-Manager-Reject",
    "subjectfld": "Saviynt - ${endpoint.displayName} Access Request ID : ${requestid} Approval for ${user.firstname} ${user.lastname} (${user.username})",
    "ccfld": null
  }
}