{
  "AccessRequest-ApprovalNotify": {
    "bccfld": null,
    "templatecontent": "Hello ${assignee.firstname} ${assignee.lastname}, <br><br><div>The ${endpoint.displayName} Access Request ID#: ${requestid} for ${user.firstname} ${user.lastname} (${user.username}) is pending for the approval. Please take the necessary action.<\u002fdiv><div> <br> <b>Request Type:<\u002fb> ${requesttype} <br> <br><b>Requested Entitlements:<\u002fb><br> ${entitlementshtmltablerows} Application Entitlement   Description   Glossary  <br><b>Request Comments:<\u002fb> <br> <i>${request.comments}<\u002fi> <br><br>Please Approve or Reject the request by login into the Saviynt application: <a href=\"https://CUSTOMER-ENV.saviyntcloud.com/ECMv6/login\" target=\"\" rel=\"\" title=\"Link: https://CUSTOMER-ENV.saviyntcloud.com/ECMv6/login\">Link<\u002fa><br> <br><b><u>Note<\u002fu><\u002fb><u>:<\u002fu> This request will remain in the first-line manager’s queue for 3 days. After that, it will be escalated to the second-line manager (the first-line manager's direct manager) for an additional 3 days. If the request is not approved within this period, it will be canceled, and you will need to submit a new request.<div><br><\u002fdiv><div><i><b>This is an autogenerated email; please do not reply to this message.<\u002fb><\u002fi><\u002fdiv><span><br>Regards,<br> Identity, Governance and Administration (IGA) Team<br><\u002fspan><\u002fdiv>",
    "contentAsHtml": true,
    "tofld": "${assignee.email}",
    "isAdvHtmlCss": true,
    "fromfld": "ssm-alerts@saviynt.com",
    "id": "AccessRequest-ApprovalNotify",
    "subjectfld": "Saviynt - ${endpoint.displayName} Access Request ID : ${requestid} Approval for ${user.firstname} ${user.lastname} (${user.username})",
    "ccfld": "${requestor.email},"
  }
}