{
  "AccessRequest-Rejected": {
    "bccfld": null,
    "templatecontent": "<b><u>TESTING, Please discard this Email - No action required from your end.<\u002fu><\u002fb> <div>Hello ${assignee.firstname} ${assignee.lastname}, <br><br><div>The ${endpoint.displayName} Access Request ID#: ${requestid} for ${user.firstname} ${user.lastname} (${user.username}) has been Rejected.<\u002fdiv><div> <br> <b>Request Type:<\u002fb> ${requesttype} <br> <br><b>Requested Entitlements:<\u002fb><br>  ${entitlementshtmltablerows} Application Entitlement   Description   Glossary  <br><b>Request Comments:<\u002fb> <br> <i>${request.comments}<\u002fi> <br><br> Note:\r\nTo Resubmit/New access request: <a href=\"https://CUSTOMER-ENV.saviyntcloud.com/ECMv6/request/requestHome\" target=\"\" rel=\"\" title=\"Link: https://CUSTOMER-ENV.saviyntcloud.com/ECMv6/request/requestHome\">Link<\u002fa><br><br><b><i>This is an autogenerated email; please do not reply to this message.<\u002fi><\u002fb>\r\n<br><span><br>Regards,<br> Identity, Governance and Administration (IGA) Team<\u002fspan><\u002fdiv><\u002fdiv>",
    "contentAsHtml": true,
    "tofld": "${requestor.email}",
    "isAdvHtmlCss": false,
    "fromfld": "ssm-alerts@saviynt.com",
    "id": "AccessRequest-Rejected",
    "subjectfld": "Saviynt - ${endpoint.displayName} Access Request ID : ${requestid} Rejected for ${user.firstname}  ${user.lastname} (${user.username})",
    "ccfld": "${user.email},${manager.email}"
  }
}