{
  "SSMDB": {
    "sslCertificateId": null,
    "msconnectorversion": null,
    "connectorms": false,
    "templateName": null,
    "statusForEnableDisable": 1,
    "vaultCredentialConnection": null,
    "sslCertificate": null,
    "connectiondescription": "SSMDB",
    "vaultConfig": null,
    "credentialChangeConfig": null,
    "externalconnectiontype": "DB",
    "connectionname": "SSMDB",
    "templateMandatoryData": null,
    "connectorType": null,
    "status": 1,
    "EXTERNAL_ATTR": 
    [
      {
        "formdata": null,
        "attributename": "URL",
        "encryptedattributevalue": "jdbc:mysql://field-eic-dev.c1lln8i9zejy.us-east-1.rds.amazonaws.com:3306/saviyntaws",
        "credentialSaveStatus": false
      },
      {
        "formdata": null,
        "credentialSaveStatus": false,
        "attributename": "DRIVERNAME",
        "encryptedattributevalue": "com.mysql.jdbc.Driver"
      },
      {
        "encryptedattributevalue": "",
        "formdata": null,
        "attributename": "CONNECTIONPROPERTIES",
        "credentialSaveStatus": false
      },
      {
        "encryptedattributevalue": "",
        "formdata": null,
        "credentialSaveStatus": false,
        "attributename": "CREATEACCOUNTJSON"
      },
      {
        "encryptedattributevalue": "",
        "formdata": null,
        "attributename": "UPDATEACCOUNTJSON",
        "credentialSaveStatus": false
      },
      {
        "encryptedattributevalue": "",
        "formdata": null,
        "attributename": "GRANTACCESSJSON",
        "credentialSaveStatus": false
      },
      {
        "encryptedattributevalue": "",
        "formdata": null,
        "attributename": "REVOKEACCESSJSON",
        "credentialSaveStatus": false
      },
      {
        "formdata": null,
        "credentialSaveStatus": false,
        "attributename": "CHANGEPASSJSON",
        "encryptedattributevalue": null
      },
      {
        "encryptedattributevalue": "",
        "formdata": null,
        "credentialSaveStatus": false,
        "attributename": "DELETEACCOUNTJSON"
      },
      {
        "encryptedattributevalue": "",
        "formdata": null,
        "credentialSaveStatus": false,
        "attributename": "ENABLEACCOUNTJSON"
      },
      {
        "encryptedattributevalue": "",
        "attributename": "DISABLEACCOUNTJSON",
        "formdata": null,
        "credentialSaveStatus": false
      },
      {
        "encryptedattributevalue": "",
        "formdata": null,
        "credentialSaveStatus": false,
        "attributename": "ACCOUNTEXISTSJSON"
      },
      {
        "encryptedattributevalue": "",
        "formdata": null,
        "attributename": "UPDATEUSERJSON",
        "credentialSaveStatus": false
      },
      {
        "formdata": null,
        "encryptedattributevalue": "<dataMapping> <before-import> <\u002fbefore-import> <sql-query description=\"This is the Source DB Query\" uniquecolumnsascommaseparated=\"name\"> <![CDATA[ select EmployeeID,EmailAddress,Entitlement,cast(Status as varchar) as Status,AccountName as ACCNAME,EndpointName,EndpointName as SecuritySystem,case when endpointname='Treasury Management System' then 'Groups' else 'Role' END as EntitlementType from DISCONNECTED_USERDATA where endpointkey = 10 ]]> <\u002fsql-query> <mapper description=\"This is the mapping field for Saviynt Field name\" accountnotinfileaction=\"Suspend\" deleteaccountentitlement=\"true\" ifusernotexists=\"noaction\" systems=\"'Treasury Management System'\"> <mapfield saviyntproperty=\"securitysystems.systemname\" sourceproperty=\"SecuritySystem\" type=\"character\"><\u002fmapfield> <mapfield saviyntproperty=\"endpoints.endpointname\" sourceproperty=\"EndpointName\" type=\"character\"><\u002fmapfield> <mapfield saviyntproperty=\"accounts.name\" sourceproperty=\"ACCNAME\" type=\"character\"><\u002fmapfield> <mapfield saviyntproperty=\"accounts.customproperty1\" sourceproperty=\"EmployeeID\" type=\"character\"><\u002fmapfield> <mapfield saviyntproperty=\"accounts.customproperty2\" sourceproperty=\"EmailAddress\" type=\"character\"><\u002fmapfield> <mapfield saviyntproperty=\"entitlementtypes.entitlementname\" sourceproperty=\"EntitlementType\" type=\"character\"><\u002fmapfield> <mapfield saviyntproperty=\"entitlementvalues.entitlementvalue\" sourceproperty=\"Entitlement\" type=\"character\"><\u002fmapfield> <mapfield saviyntproperty=\"accounts.status\" sourceproperty=\"Status\" type=\"character\"><\u002fmapfield> <\u002fmapper> <after-import description=\"EMAIL,BATCH,SQL\"> <\u002fafter-import> <\u002fdataMapping>",
        "attributename": "ACCOUNTSIMPORT",
        "credentialSaveStatus": false
      },
      {
        "attributename": "ENTITLEMENTVALUEIMPORT",
        "formdata": null,
        "encryptedattributevalue": "<dataMapping>\r\n\t<sql-query description=\"This is the Source Database Query\">\r\n\t\t<![CDATA[select EmployeeID,description,EmailAddress,Entitlement,1 as Status,AccountName as ACCNAME,EndpointName,EndpointName as SecuritySystem,case when endpointname='Treasury Management System' then 'Groups' else 'Role' END as EntitlementType from DISCONNECTED_USERDATA where endpointname not in ('Sudoer Review for AIX')]]>\r\n\t<\u002fsql-query>\r\n\t<mapper description=\"This is the mapping field for Saviynt Field name\" deleteentitlementowner=\"false\" entnotpresentaction=\"inactive\" createentitlementtype=\"true\" systems=\"'Treasury Management System'\">\r\n\t\t<mapfield saviyntproperty=\"securitysystems.systemname\" sourceproperty=\"SecuritySystem\" type=\"character\"><\u002fmapfield>\r\n\t\t<mapfield saviyntproperty=\"endpoints.endpointname\" sourceproperty=\"EndpointName\" type=\"character\"><\u002fmapfield>\r\n\t\t<mapfield saviyntproperty=\"entitlementtypes.entitlementname\" sourceproperty=\"EntitlementType\" type=\"character\"><\u002fmapfield>\r\n\t\t<mapfield saviyntproperty=\"entitlementvalues.entitlement_value\" sourceproperty=\"Entitlement\" type=\"character\"><\u002fmapfield>\r\n\t\t<mapfield saviyntproperty=\"entitlementvalues.entitlement_glossary\" sourceproperty=\"description\" type=\"character\"><\u002fmapfield>\r\n\t\t<mapfield saviyntproperty=\"entitlementvalues.description\" sourceproperty=\"description\" type=\"character\"><\u002fmapfield>\r\n<mapfield saviyntproperty=\"entitlementvalues.status\" sourceproperty=\"Status\" type=\"number\"><\u002fmapfield>\r\n\t<\u002fmapper>\r\n<\u002fdataMapping>\r\n\r\n<dataMapping>\r\n\t<sql-query description=\"This is the Source Database Query\">\r\n\t\t<![CDATA[select EmployeeID,description,EmailAddress,Entitlement,1 as Status,AccountName as ACCNAME,EndpointName,EndpointName as SecuritySystem,case when endpointname='Treasury Management System' then 'Groups' else 'Role' END as EntitlementType from DISCONNECTED_USERDATA where endpointname not in ('Sudoer Review for AIX')]]>\r\n\t<\u002fsql-query>\r\n\t<mapper description=\"This is the mapping field for Saviynt Field name\" deleteentitlementowner=\"false\" entnotpresentaction=\"inactive\" createentitlementtype=\"true\" systems=\"'Treasury Management System'\">\r\n\t\t<mapfield saviyntproperty=\"securitysystems.systemname\" sourceproperty=\"SecuritySystem\" type=\"character\"><\u002fmapfield>\r\n\t\t<mapfield saviyntproperty=\"endpoints.endpointname\" sourceproperty=\"EndpointName\" type=\"character\"><\u002fmapfield>\r\n\t\t<mapfield saviyntproperty=\"entitlementtypes.entitlementname\" sourceproperty=\"EntitlementType\" type=\"character\"><\u002fmapfield>\r\n\t\t<mapfield saviyntproperty=\"entitlementvalues.entitlement_value\" sourceproperty=\"Entitlement\" type=\"character\"><\u002fmapfield>\r\n\t\t<mapfield saviyntproperty=\"entitlementvalues.entitlement_glossary\" sourceproperty=\"description\" type=\"character\"><\u002fmapfield>\r\n\t\t<mapfield saviyntproperty=\"entitlementvalues.description\" sourceproperty=\"description\" type=\"character\"><\u002fmapfield>\r\n<mapfield saviyntproperty=\"entitlementvalues.status\" sourceproperty=\"Status\" type=\"number\"><\u002fmapfield>\r\n\t<\u002fmapper>\r\n<\u002fdataMapping>",
        "credentialSaveStatus": false
      },
      {
        "encryptedattributevalue": "",
        "formdata": null,
        "credentialSaveStatus": false,
        "attributename": "ROLEOWNERIMPORT"
      },
      {
        "encryptedattributevalue": "",
        "formdata": null,
        "credentialSaveStatus": false,
        "attributename": "ROLESIMPORT"
      },
      {
        "encryptedattributevalue": "",
        "formdata": null,
        "credentialSaveStatus": false,
        "attributename": "SYSTEMIMPORT"
      },
      {
        "formdata": null,
        "encryptedattributevalue": "<dataMapping>\r\n<before-import>\r\n<\u002fbefore-import>\r\n<sql-query description=\"This is the Source DB Query\" uniquecolumnsascommaseparated=\"username\">\r\n<![CDATA[\r\nselect  username,(CASE WHEN statuskey IS NULL THEN '1' ELSE NULL END) as manager from users where statuskey = 1;\r\n]]>\r\n<\u002fsql-query>\r\n<importsettings>\r\n<zeroDayProvisioning>false<\u002fzeroDayProvisioning>\r\n<userNotInFileAction>NOACTION<\u002fuserNotInFileAction>\r\n<checkRules>true<\u002fcheckRules>\r\n<buildUserMap>false<\u002fbuildUserMap>\r\n<userReconcillationField>username<\u002fuserReconcillationField>\r\n<\u002fimportsettings>\r\n<mapper description=\"This is the mapping field for SAviynt Field name\" dateformat=\"date\" >\r\n<mapfield saviyntproperty=\"username\" sourceproperty=\"username\" type=\"character\"><\u002fmapfield>\r\n<mapfield saviyntproperty=\"manager\" sourceproperty=\"manager\" type=\"character\"><\u002fmapfield>\r\n<\u002fmapper>\r\n<after-import description=\"SQL\">\r\n<\u002fafter-import>\r\n<\u002fdataMapping>",
        "credentialSaveStatus": false,
        "attributename": "USERIMPORT"
      },
      {
        "encryptedattributevalue": "",
        "formdata": null,
        "attributename": "MODIFYUSERDATAJSON",
        "credentialSaveStatus": false
      },
      {
        "encryptedattributevalue": "",
        "formdata": null,
        "credentialSaveStatus": false,
        "attributename": "STATUS_THRESHOLD_CONFIG"
      },
      {
        "encryptedattributevalue": "",
        "formdata": null,
        "attributename": "MAX_PAGINATION_SIZE",
        "credentialSaveStatus": false
      },
      {
        "encryptedattributevalue": "",
        "formdata": null,
        "attributename": "CLI_COMMAND_JSON",
        "credentialSaveStatus": false
      }
    ]
  }
}