{
  "AccessRequest-Discontinued": {
    "bccfld": null,
    "templatecontent": "<div>Hello ${assignee.firstname} ${assignee.lastname}, <br><br><div>The ${endpoint.displayName} Access Request ID#: ${requestid} for ${user.firstname} ${user.lastname} (${user.username}) has been cancelled.<\u002fdiv><div> <br> <b>Request Type:<\u002fb> ${requesttype} <br> <br><b>Requested Entitlements:<\u002fb><br> ${entitlementshtmltablerows} <span>Application Entitlement   Description   Glossary  <\u002fspan><br><b>Request Comments:<\u002fb> <br> <i>${request.comments}<\u002fi> <br><br>\r\n\r\nNote:<br> <br>\r\nTo Resubmit/New access request: <a href=\"https://CUSTOMER-ENV.saviyntcloud.com/ECMv6/request/requestHome\" target=\"\" rel=\"\">Link<\u002fa><br><br>\r\n****This is an autogenerated email, please do not reply to this message.<br><br>\r\n<span>Regards,<br> Identity, Governance and Administration (IGA) Team<\u002fspan><\u002fdiv><\u002fdiv>",
    "contentAsHtml": true,
    "tofld": "${requestor.email}",
    "isAdvHtmlCss": false,
    "fromfld": "ssm-alerts@saviynt.com",
    "id": "AccessRequest-Discontinued",
    "subjectfld": "Saviynt - ${endpoint.displayName} Access Request ID : ${requestid} Cancelled for ${user.firstname} ${user.lastname} (${user.username})",
    "ccfld": "${user.email}"
  }
}