{
  "Workday_8078_SOAP": {
    "sslCertificateId": null,
    "connectionname": "Workday_8078_SOAP",
    "msconnectorversion": null,
    "connectorms": false,
    "templateName": null,
    "statusForEnableDisable": 1,
    "externalconnectiontype": "Workday",
    "vaultCredentialConnection": null,
    "sslCertificate": null,
    "vaultConfig": null,
    "credentialChangeConfig": null,
    "templateMandatoryData": null,
    "connectorType": null,
    "connectiondescription": "",
    "status": 1,
    "EXTERNAL_ATTR": 
    [
      {
        "formdata": null,
        "encryptedattributevalue": "<bsvc:Assign_Roles_Request bsvc:version=\"${API_VERSION}\"><bsvc:Business_Process_Parameters><bsvc:Auto_Complete>1<\u002fbsvc:Auto_Complete><\u002fbsvc:Business_Process_Parameters><bsvc:Assign_Roles_Event_Data><bsvc:Event_Target_Assignee_Reference bsvc:Descriptor=\"?\"><bsvc:ID bsvc:type=\"WID\">${usersObj.customproperty1}<\u002fbsvc:ID><\u002fbsvc:Event_Target_Assignee_Reference><bsvc:Remove_All_Role_Assignments_for_Event_Target_Assignee>0<\u002fbsvc:Remove_All_Role_Assignments_for_Event_Target_Assignee><bsvc:Assign_Roles_Role_Assignment_Data><bsvc:Role_Assigner_Reference><bsvc:ID bsvc:type=\"Organization_Reference_ID\">${Organization_Reference_ID}<\u002fbsvc:ID><\u002fbsvc:Role_Assigner_Reference><bsvc:Assignable_Role_Reference><bsvc:ID bsvc:type=\"WID\">${entitlementID}<\u002fbsvc:ID><\u002fbsvc:Assignable_Role_Reference><bsvc:Remove_Existing_Assignees_for_Assignable_Role_on_Role_Assigner>0<\u002fbsvc:Remove_Existing_Assignees_for_Assignable_Role_on_Role_Assigner><bsvc:Update_Later_Dated_Assignments>1<\u002fbsvc:Update_Later_Dated_Assignments><bsvc:Assignees_to_Add_Reference><bsvc:ID bsvc:type=\"WID\">${usersObj.customproperty1}<\u002fbsvc:ID><\u002fbsvc:Assignees_to_Add_Reference><bsvc:Remove_Supervisory_Organization_Single_Assignment_Manager>0<\u002fbsvc:Remove_Supervisory_Organization_Single_Assignment_Manager><\u002fbsvc:Assign_Roles_Role_Assignment_Data><\u002fbsvc:Assign_Roles_Event_Data><\u002fbsvc:Assign_Roles_Request>",
        "attributename": "ASSIGN_ORGROLE_PAYLOAD",
        "credentialSaveStatus": false
      },
      {
        "formdata": null,
        "attributename": "UPDATE_ACCOUNT_PAYLOAD",
        "credentialSaveStatus": false,
        "encryptedattributevalue": "<bsvc:Maintain_Contact_Information_for_Person_Event_Request bsvc:Add_Only=\"false\" bsvc:version=\"${API_VERSION}\"><bsvc:Business_Process_Parameters><bsvc:Auto_Complete>true<\u002fbsvc:Auto_Complete><bsvc:Run_Now>true<\u002fbsvc:Run_Now><\u002fbsvc:Business_Process_Parameters><bsvc:Maintain_Contact_Information_Data><bsvc:Worker_Reference bsvc:Descriptor=\"\"><bsvc:ID bsvc:type=\"WID\">${user.customproperty1}<\u002fbsvc:ID><\u002fbsvc:Worker_Reference><bsvc:Effective_Date>${CURRENT_PROV_TIMESTAMP}<\u002fbsvc:Effective_Date><bsvc:Worker_Contact_Information_Data><bsvc:Email_Address_Data><bsvc:Email_Address>${user.email}<\u002fbsvc:Email_Address><bsvc:Usage_Data bsvc:Public=\"true\"><bsvc:Type_Data bsvc:Primary=\"true\"><bsvc:Type_Reference bsvc:Descriptor=\"work\"><bsvc:ID bsvc:type=\"Communication_Usage_Type_ID\">WORK<\u002fbsvc:ID><\u002fbsvc:Type_Reference><\u002fbsvc:Type_Data><\u002fbsvc:Usage_Data><\u002fbsvc:Email_Address_Data><\u002fbsvc:Worker_Contact_Information_Data><\u002fbsvc:Maintain_Contact_Information_Data><\u002fbsvc:Maintain_Contact_Information_for_Person_Event_Request>"
      },
      {
        "formdata": null,
        "attributename": "USE_OAUTH",
        "credentialSaveStatus": false,
        "encryptedattributevalue": "FALSE"
      },
      {
        "attributename": "API_VERSION",
        "formdata": null,
        "credentialSaveStatus": false,
        "encryptedattributevalue": "v34.0"
      },
      {
        "encryptedattributevalue": "{\"reportUrlMapping\":[{\"accessType\":\"Account\",\"url\":\"${BASE_URL}/ccx/service/customreport2/${TENANT_NAME}/${REPORT_OWNER}/SAV_Accounts?format=xml\"},{\"accessType\":\"Security Group\",\"url\":\"${BASE_URL}/ccx/service/customreport2/${TENANT_NAME}/${REPORT_OWNER}/SAV_SecurityGroups?format=xml\",\"mappingUrl\":\"${BASE_URL}/ccx/service/customreport2/${TENANT_NAME}/${REPORT_OWNER}/SAV_WorkersToSecurityGroups?format=xml\",\"inc_url\":\"${BASE_URL}/ccx/service/customreport2/${TENANT_NAME}/${REPORT_OWNER}/SAV_SecurityGroupsWorkers?format=xml\",\"enable_chunked_retrieval\":0,\"locationHierarchyUrl\":\"${BASE_URL}/ccx/service/customreport2/${TENANT_NAME}/${REPORT_OWNER}/SAV_LocationHierarchies\",\"locationHierarchies\":[],\"countryReportUrl\":\"${BASE_URL}/ccx/service/systemreport2/${TENANT_NAME}/Country_Summary\",\"countryCodes\":[]},{\"accessType\":\"Domain Security Policy\",\"url\":\"${BASE_URL}/ccx/service/customreport2/${TENANT_NAME}/${REPORT_OWNER}/SAV_DomainSecurityPermissions?format=xml\",\"inc_url\":\"${BASE_URL}/ccx/service/customreport2/${TENANT_NAME}/${REPORT_OWNER}/SAV_Domains?format=xml&Include_Changes_to_Security_Groups=0\"},{\"accessType\":\"Business Process Security Policy\",\"url\":\"${BASE_URL}/ccx/service/customreport2/${TENANT_NAME}/${REPORT_OWNER}/SAV_BusinessProcessPermissions?format=xml\",\"inc_url\":\"${BASE_URL}/ccx/service/customreport2/${TENANT_NAME}/${REPORT_OWNER}/SAV_BusinessProcesses?format=xml&Include_Changes_to_Security_Groups=0\"},{\"accessType\":\"Organizational Role\",\"url\":\"${BASE_URL}/ccx/service/customreport2/${TENANT_NAME}/${REPORT_OWNER}/SAV_OrgRolesWorkers?format=xml\",\"enhancedUrl\": \"${BASE_URL}/ccx/service/customreport2/${TENANT_NAME}/${REPORT_OWNER}/SAV_RoleSecurityGroups?format=xml\"},{\"accessType\":\"Tasks And Reports\",\"url\":\"${BASE_URL}/ccx/service/customreport2/${TENANT_NAME}/${REPORT_OWNER}/SAV_ReportsTasksGetPut?Include_Inactive=0,${BASE_URL}/ccx/service/customreport2/${TENANT_NAME}/${REPORT_OWNER}/SAV_ReportsTasksViewModify?Include_Inactive=0\"},{\"accessType\":\"Organization\"}],\"auditReportUrlMapping\":[{\"reportName\":\"userActivity\",\"url\":\"${BASE_URL}/ccx/service/systemreport2/${TENANT_NAME}/View_User_Activity?format=xml\",\"importDateStep\":\"6\",\"indexName\":\"audit\",\"auditDateStart\":\"${CURRENT_TIMESTAMP_MINUS_24HRS}\",\"ImportMapping\":{\"fileCreateTime\":\"wd:Request_Time\",\"sourceTranslatedAddress\":\"wd:IP_Address\",\"requestClientApplication\":\"wd:User_Agent\",\"suser\":\"wd:System_Account.wd:Descriptor\",\"filePath\":\"wd:Task\",\"filePermission\":\"wd:Activity_Category\",\"duser\":\"wd:Target.wd:Descriptor\",\"duid\":\"wd:Target.wd:ID[1].wd:type\"}}]}",
        "formdata": null,
        "credentialSaveStatus": false,
        "attributename": "RAAS_MAPPING_JSON"
      },
      {
        "formdata": null,
        "attributename": "USE_X509AUTH_FOR_SOAP",
        "credentialSaveStatus": false,
        "encryptedattributevalue": "FALSE"
      },
      {
        "formdata": null,
        "encryptedattributevalue": "https://wd2-impl-services1.workday.com",
        "attributename": "BASE_URL",
        "credentialSaveStatus": false
      },
      {
        "attributename": "USE_ENHANCED_ORGROLE",
        "formdata": null,
        "encryptedattributevalue": "TRUE",
        "credentialSaveStatus": false
      },
      {
        "attributename": "REMOVE_ORGROLE_PAYLOAD",
        "formdata": null,
        "credentialSaveStatus": false,
        "encryptedattributevalue": "<bsvc:Assign_Roles_Request bsvc:version=\"${API_VERSION}\"><bsvc:Business_Process_Parameters><bsvc:Auto_Complete>1<\u002fbsvc:Auto_Complete><\u002fbsvc:Business_Process_Parameters><bsvc:Assign_Roles_Event_Data><bsvc:Event_Target_Assignee_Reference bsvc:Descriptor=\"?\"><bsvc:ID bsvc:type=\"WID\">${user.customproperty1}<\u002fbsvc:ID><\u002fbsvc:Event_Target_Assignee_Reference><bsvc:Remove_All_Role_Assignments_for_Event_Target_Assignee>0<\u002fbsvc:Remove_All_Role_Assignments_for_Event_Target_Assignee><bsvc:Assign_Roles_Role_Assignment_Data><bsvc:Role_Assigner_Reference><bsvc:ID bsvc:type=\"Organization_Reference_ID\">${Organization_Reference_ID}<\u002fbsvc:ID><\u002fbsvc:Role_Assigner_Reference><bsvc:Assignable_Role_Reference><bsvc:ID bsvc:type=\"WID\">${entitlementID}<\u002fbsvc:ID><\u002fbsvc:Assignable_Role_Reference><bsvc:Remove_Existing_Assignees_for_Assignable_Role_on_Role_Assigner>0<\u002fbsvc:Remove_Existing_Assignees_for_Assignable_Role_on_Role_Assigner><bsvc:Update_Later_Dated_Assignments>1<\u002fbsvc:Update_Later_Dated_Assignments><bsvc:Assignees_to_Remove_Reference><bsvc:ID bsvc:type=\"WID\">${user.customproperty1}<\u002fbsvc:ID><\u002fbsvc:Assignees_to_Remove_Reference><bsvc:Remove_Supervisory_Organization_Single_Assignment_Manager>0<\u002fbsvc:Remove_Supervisory_Organization_Single_Assignment_Manager><\u002fbsvc:Assign_Roles_Role_Assignment_Data><\u002fbsvc:Assign_Roles_Event_Data><\u002fbsvc:Assign_Roles_Request>"
      },
      {
        "attributename": "CREATE_ACCOUNT_PAYLOAD",
        "formdata": null,
        "encryptedattributevalue": "<bsvc:Workday_Account_for_Worker_Add bsvc:version=\"${API_VERSION}\"><bsvc:Workday_Account_for_Worker_Data><bsvc:User_Name>${arsTasksObj.accountName}<\u002fbsvc:User_Name><bsvc:Password>${password}<\u002fbsvc:Password><\u002fbsvc:Workday_Account_for_Worker_Data><\u002fbsvc:Workday_Account_for_Worker_Add>",
        "credentialSaveStatus": false
      },
      {
        "formdata": null,
        "credentialSaveStatus": false,
        "attributename": "ACCOUNT_IMPORT_PAYLOAD",
        "encryptedattributevalue": "<bsvc:Get_Workers_Request bsvc:version=\"${API_VERSION}\"><bsvc:Request_Criteria><bsvc:Exclude_Inactive_Workers>false<\u002fbsvc:Exclude_Inactive_Workers><bsvc:Exclude_Employees>false<\u002fbsvc:Exclude_Employees><bsvc:Exclude_Contingent_Workers>false<\u002fbsvc:Exclude_Contingent_Workers> ${INCREMENTAL_IMPORT_CRITERIA}<\u002fbsvc:Request_Criteria><bsvc:Response_Filter><bsvc:Page>${PAGE_NUMBER}<\u002fbsvc:Page><bsvc:Count>${PAGE_SIZE}<\u002fbsvc:Count><\u002fbsvc:Response_Filter><bsvc:Response_Group><bsvc:Include_Reference>true<\u002fbsvc:Include_Reference><bsvc:Include_Personal_Information>true<\u002fbsvc:Include_Personal_Information><bsvc:Include_Additional_Jobs>false<\u002fbsvc:Include_Additional_Jobs><bsvc:Include_Employment_Information>true<\u002fbsvc:Include_Employment_Information><bsvc:Include_Compensation>false<\u002fbsvc:Include_Compensation><bsvc:Include_Organizations>false<\u002fbsvc:Include_Organizations><bsvc:Exclude_Organization_Support_Role_Data>true<\u002fbsvc:Exclude_Organization_Support_Role_Data><bsvc:Exclude_Location_Hierarchies>true<\u002fbsvc:Exclude_Location_Hierarchies><bsvc:Exclude_Cost_Centers>true<\u002fbsvc:Exclude_Cost_Centers><bsvc:Exclude_Cost_Center_Hierarchies>true<\u002fbsvc:Exclude_Cost_Center_Hierarchies><bsvc:Exclude_Companies>true<\u002fbsvc:Exclude_Companies><bsvc:Exclude_Company_Hierarchies>true<\u002fbsvc:Exclude_Company_Hierarchies><bsvc:Exclude_Matrix_Organizations>true<\u002fbsvc:Exclude_Matrix_Organizations><bsvc:Exclude_Pay_Groups>true<\u002fbsvc:Exclude_Pay_Groups><bsvc:Exclude_Regions>true<\u002fbsvc:Exclude_Regions><bsvc:Exclude_Region_Hierarchies>true<\u002fbsvc:Exclude_Region_Hierarchies><bsvc:Exclude_Supervisory_Organizations>true<\u002fbsvc:Exclude_Supervisory_Organizations><bsvc:Exclude_Teams>true<\u002fbsvc:Exclude_Teams><bsvc:Exclude_Custom_Organizations>true<\u002fbsvc:Exclude_Custom_Organizations><bsvc:Include_Roles>false<\u002fbsvc:Include_Roles><bsvc:Include_Management_Chain_Data>false<\u002fbsvc:Include_Management_Chain_Data><bsvc:Include_Multiple_Managers_in_Management_Chain_Data>false<\u002fbsvc:Include_Multiple_Managers_in_Management_Chain_Data><bsvc:Include_Benefit_Enrollments>false<\u002fbsvc:Include_Benefit_Enrollments><bsvc:Include_Benefit_Eligibility>false<\u002fbsvc:Include_Benefit_Eligibility><bsvc:Include_Related_Persons>false<\u002fbsvc:Include_Related_Persons><bsvc:Include_Qualifications>false<\u002fbsvc:Include_Qualifications><bsvc:Include_Employee_Review>false<\u002fbsvc:Include_Employee_Review><bsvc:Include_Goals>false<\u002fbsvc:Include_Goals><bsvc:Include_Development_Items>false<\u002fbsvc:Include_Development_Items><bsvc:Include_Skills>false<\u002fbsvc:Include_Skills><bsvc:Include_Photo>false<\u002fbsvc:Include_Photo><bsvc:Include_Worker_Documents>false<\u002fbsvc:Include_Worker_Documents><bsvc:Include_Transaction_Log_Data>false<\u002fbsvc:Include_Transaction_Log_Data><bsvc:Include_Subevents_for_Corrected_Transaction>false<\u002fbsvc:Include_Subevents_for_Corrected_Transaction><bsvc:Include_Subevents_for_Rescinded_Transaction>false<\u002fbsvc:Include_Subevents_for_Rescinded_Transaction><bsvc:Include_Succession_Profile>false<\u002fbsvc:Include_Succession_Profile><bsvc:Include_Talent_Assessment>false<\u002fbsvc:Include_Talent_Assessment><bsvc:Include_Employee_Contract_Data>false<\u002fbsvc:Include_Employee_Contract_Data><bsvc:Include_Collective_Agreement_Data>false<\u002fbsvc:Include_Collective_Agreement_Data><bsvc:Include_Probation_Period_Data>false<\u002fbsvc:Include_Probation_Period_Data><bsvc:Include_Feedback_Received>false<\u002fbsvc:Include_Feedback_Received><bsvc:Include_User_Account>false<\u002fbsvc:Include_User_Account><bsvc:Include_Career>false<\u002fbsvc:Include_Career><bsvc:Include_Account_Provisioning>false<\u002fbsvc:Include_Account_Provisioning><bsvc:Include_Background_Check_Data>false<\u002fbsvc:Include_Background_Check_Data><bsvc:Include_Contingent_Worker_Tax_Authority_Form_Information>false<\u002fbsvc:Include_Contingent_Worker_Tax_Authority_Form_Information><bsvc:Exclude_Funds>true<\u002fbsvc:Exclude_Funds><bsvc:Exclude_Fund_Hierarchies>true<\u002fbsvc:Exclude_Fund_Hierarchies><bsvc:Exclude_Grants>true<\u002fbsvc:Exclude_Grants><bsvc:Exclude_Grant_Hierarchies>true<\u002fbsvc:Exclude_Grant_Hierarchies><bsvc:Exclude_Business_Units>true<\u002fbsvc:Exclude_Business_Units><bsvc:Exclude_Business_Unit_Hierarchies>true<\u002fbsvc:Exclude_Business_Unit_Hierarchies><bsvc:Exclude_Programs>true<\u002fbsvc:Exclude_Programs><bsvc:Exclude_Program_Hierarchies>true<\u002fbsvc:Exclude_Program_Hierarchies><bsvc:Exclude_Gifts>true<\u002fbsvc:Exclude_Gifts><bsvc:Exclude_Gift_Hierarchies>true<\u002fbsvc:Exclude_Gift_Hierarchies><\u002fbsvc:Response_Group><\u002fbsvc:Get_Workers_Request>"
      },
      {
        "encryptedattributevalue": "100",
        "formdata": null,
        "attributename": "PAGE_SIZE",
        "credentialSaveStatus": false
      },
      {
        "formdata": null,
        "credentialSaveStatus": false,
        "attributename": "CUSTOM_CONFIG",
        "encryptedattributevalue": "{\"connectionTimeoutConfig\":{\"SOAP\":{\"readTimeout\":900,\"writeTimeout\":300,\"retryWait\":2,\"retryCount\":3}}}"
      },
      {
        "encryptedattributevalue": "Security Group,Domain Security Policy,Business Process Security Policy, Organizational Role, Organization, Tasks And Reports",
        "formdata": null,
        "attributename": "ACCESS_IMPORT_LIST",
        "credentialSaveStatus": false
      },
      {
        "encryptedattributevalue": "saviynt_pt1",
        "formdata": null,
        "attributename": "TENANT_NAME",
        "credentialSaveStatus": false
      },
      {
        "formdata": null,
        "encryptedattributevalue": "{\"ImportType\":\"SOAP\",\"ResponsePath\":\"Body.Get_Workers_Response.Response_Data.Worker\",\"ImportMapping\":{\"NAME\":\"Worker_Data.User_ID\",\"ACCOUNTID\":\"Worker_Reference.ID(@wd:type=='WID')\",\"CUSTOMPROPERTY30\":\"Worker_Data.Employment_Data.Worker_Status_Data.Active\",\"CUSTOMPROPERTY1\":\"Worker_Data.Personal_Data.Identification_Data.Custom_ID.Custom_ID_Data(ID_Type_Reference->ID=='CustomID_NTID').ID\",\"CUSTOMPROPERTY2\":\"Worker_Data.Personal_Data.Identification_Data.Custom_ID.Custom_ID_Data(ID_Type_Reference - > ID == 'CustomID_GPID').ID\",\"CUSTOMPROPERTY3\":\"Worker_Data.Personal_Data.Identification_Data.Custom_ID.Custom_ID_Data(ID_Type_Reference - > ID == 'CustomID_UPN').ID\",\"CUSTOMPROPERTY4\":\"Worker_Data.Personal_Data.Contact_Data.Email_Address_Data(Usage_Data - > Type_Data - > Type_Reference - > ID == 'WORK').Email_Address\",\"CUSTOMPROPERTY5\":\"Worker_Data.Personal_Data.Name_Data.Legal_Name_Data.Name_Detail_Data.First_Name\",\"CUSTOMPROPERTY6\":\"Worker_Data.Personal_Data.Name_Data.Legal_Name_Data.Name_Detail_Data.Last_Name\",\"CUSTOMPROPERTY7\":\"Worker_Data.Personal_Data.Name_Data.Legal_Name_Data.Name_Detail_Data.Country_Reference.ID(@type == 'ISO_3166-1_Alpha-3_Code')\",\"CUSTOMPROPERTY9\":\"Worker_Data.Role_Data.Organization_Role_Data.Organization_Role.Organization_Role_Reference.ID(@type == 'Organization_Role_ID')\",\"CUSTOMPROPERTY11\":\"Worker_Data.Worker_ID\",\"CUSTOMPROPERTY12\":\"Worker_Data.Personal_Data.Identification_Data.Custom_ID(Custom_ID_Data - > ID_Type_Reference - > ID == 'CustomID_GPID').Custom_ID_Shared_Reference.ID(@type == 'Custom_Identifier_Reference_ID')\",\"CUSTOMPROPERTY13\":\"Worker_Data.Personal_Data.Identification_Data.Custom_ID(Custom_ID_Data - > ID_Type_Reference - > ID == 'CustomID_UPN').Custom_ID_Shared_Reference.ID(@type == 'Custom_Identifier_Reference_ID')\"}}",
        "credentialSaveStatus": false,
        "attributename": "ACCOUNT_IMPORT_MAPPING"
      },
      {
        "formdata": null,
        "credentialSaveStatus": false,
        "encryptedattributevalue": "{\"statusAndThresholdConfig\":{\"statusColumn\":\"customproperty30\",\"deleteLinks\":false,\"accountThresholdValue\":1000,\"correlateInactiveAccounts\":false,\"inactivateAccountsNotInFile\":false}}",
        "attributename": "STATUS_THRESHOLD_CONFIG"
      },
      {
        "attributename": "ACCESS_IMPORT_MAPPING",
        "formdata": null,
        "credentialSaveStatus": false,
        "encryptedattributevalue": "{\"Security Group\":{\"ImportMapping\":{\"displayname\":\"wd:Security_Group.wd:Descriptor~#~char\",\"description\":\"wd:Comment~#~char\"}},\"Domain Security Policy\":{\"ImportMapping\":{}},\"Business Process Security Policy\":{\"ImportMapping\":{}},\"Organizational Role\":{\"ImportMapping\":{}},\"Organization\":{\"ImportMapping\":{}},\"Tasks And Reports\":{\"ImportMapping\":{}}}"
      },
      {
        "formdata": null,
        "credentialSaveStatus": false,
        "attributename": "AOB_CONNECTION_TEMPLATE_VARIABLES",
        "encryptedattributevalue": "{\"@BASE_URL@\": \"https://wd2-impl-services1.workday.com\", \"@PAGE_SIZE@\": \"100\", \"@API_VERSION@\": \"v34.0\", \"@TENANT_NAME@\": \"saviynt_pt1\"}"
      },
      {
        "attributename": "ACCOUNTS_LAST_IMPORT_TIME",
        "formdata": null,
        "credentialSaveStatus": false,
        "encryptedattributevalue": "2023-08-24T22:38:33.261-07:00"
      },
      {
        "formdata": null,
        "credentialSaveStatus": false,
        "attributename": "USERS_LAST_IMPORT_TIME",
        "encryptedattributevalue": null
      },
      {
        "formdata": null,
        "credentialSaveStatus": false,
        "attributename": "ACCESS_LAST_IMPORT_TIME",
        "encryptedattributevalue": "{\"Organization\":{\"From\":\"2023-08-24T01:34:01.489-07:00\"},\"Security Group\":{\"Created_Moment\":\"2023-08-24T22:41:59.413-07:00\",\"Last_Updated\":\"2023-08-24T22:41:59.413-07:00\"},\"Domain Security Policy\":{\"From\":\"2023-08-24T22:41:59.413-07:00\"},\"Tasks And Reports\":{\"Created_Moment\":\"2023-08-24T01:34:01.489-07:00\",\"Last_Updated\":\"2023-08-24T01:34:01.489-07:00\"},\"Business Process Security Policy\":{\"From\":\"2023-08-24T22:41:59.413-07:00\"},\"Organizational Role\":{\"Created_Moment\":\"2023-08-24T01:34:01.489-07:00\",\"Last_Updated\":\"2023-08-24T01:34:01.489-07:00\"}}"
      },
      {
        "formdata": null,
        "attributename": "REPORT_OWNER",
        "credentialSaveStatus": false,
        "encryptedattributevalue": "mreddy"
      },
      {
        "attributename": "INCLUDE_REFERENCE_DESCRIPTORS",
        "encryptedattributevalue": "",
        "formdata": null,
        "credentialSaveStatus": false
      },
      {
        "encryptedattributevalue": "",
        "formdata": null,
        "attributename": "X509_KEY",
        "credentialSaveStatus": false
      },
      {
        "encryptedattributevalue": "",
        "formdata": null,
        "attributename": "X509_CERT",
        "credentialSaveStatus": false
      },
      {
        "encryptedattributevalue": "",
        "formdata": null,
        "credentialSaveStatus": false,
        "attributename": "CLIENT_ID"
      },
      {
        "encryptedattributevalue": "",
        "formdata": null,
        "credentialSaveStatus": false,
        "attributename": "USER_IMPORT_PAYLOAD"
      },
      {
        "encryptedattributevalue": "",
        "formdata": null,
        "credentialSaveStatus": false,
        "attributename": "USER_IMPORT_MAPPING"
      },
      {
        "attributename": "STATUS_KEY_JSON",
        "encryptedattributevalue": "",
        "formdata": null,
        "credentialSaveStatus": false
      },
      {
        "encryptedattributevalue": "",
        "formdata": null,
        "credentialSaveStatus": false,
        "attributename": "USERATTRIBUTEJSON"
      },
      {
        "encryptedattributevalue": "",
        "formdata": null,
        "credentialSaveStatus": false,
        "attributename": "PAM_CONFIG"
      },
      {
        "encryptedattributevalue": "",
        "formdata": null,
        "attributename": "MODIFYUSERDATAJSON",
        "credentialSaveStatus": false
      },
      {
        "encryptedattributevalue": "",
        "formdata": null,
        "credentialSaveStatus": false,
        "attributename": "UPDATE_USER_PAYLOAD"
      },
      {
        "encryptedattributevalue": "",
        "formdata": null,
        "credentialSaveStatus": false,
        "attributename": "ORGROLE_IMPORT_PAYLOAD"
      }
    ]
  }
}