{
  "AccessRequest-ApprovalNotify-Reminder": {
    "bccfld": null,
    "templatecontent": "<div>Hello ${assignee.firstname} ${assignee.lastname}, <br><br><div>The ${endpoint.displayName} Access Request ID#: ${requestid} for ${user.firstname} ${user.lastname} (${user.username}) is pending for the approval. <\u002fdiv> <br> <b>Request Type:<\u002fb> ${requesttype} <br> <br><b>Requested Entitlements:<\u002fb><br> ${entitlementshtmltablerows} Application Entitlement   Description   Glossary  <br><b>Request Comments:<\u002fb> <br> <i>${request.comments}<\u002fi> <br><br>Please Approve or Reject the request by login into Saviynt application: <a href=\"https://CUSTOMER-ENV.saviyntcloud.com/ECMv6/login\" target=\"\" rel=\"\">Link<\u002fa><br><br><div><b><u>Note<\u002fu><\u002fb>: This request will remain in the first-line manager’s queue for 3 days. After that, it will be escalated to the second-line manager (the first-line manager's direct manager) for an additional 3 days. If the request is not approved within this period, it will be canceled, and you will need to submit a new request.<\u002fdiv><div><br><\u002fdiv><div><b><i>This is an autogenerated email; please do not reply to this message.<\u002fi><\u002fb><\u002fdiv><span><br>Regards,<br> Identity, Governance and Administration (IGA) Team<\u002fspan><\u002fdiv>",
    "contentAsHtml": true,
    "tofld": "${assignee.email}",
    "isAdvHtmlCss": false,
    "fromfld": "ssm-alerts@saviynt.com",
    "id": "AccessRequest-ApprovalNotify-Reminder",
    "subjectfld": "Saviynt - ${endpoint.displayName} Access Request ID : ${requestid} Approval Reminder for ${user.firstname} ${user.lastname} (${user.username})",
    "ccfld": "${requestor.email}"
  }
}