{
  "ADAM": {
    "sslCertificateId": null,
    "externalconnectiontype": "AD",
    "msconnectorversion": null,
    "connectorms": false,
    "templateName": null,
    "statusForEnableDisable": 1,
    "vaultCredentialConnection": null,
    "sslCertificate": null,
    "connectiondescription": "ADAM Production Instance",
    "vaultConfig": null,
    "credentialChangeConfig": null,
    "connectionname": "ADAM",
    "templateMandatoryData": null,
    "connectorType": null,
    "status": 1,
    "EXTERNAL_ATTR": 
    [
      {
        "formdata": null,
        "attributename": "URL",
        "credentialSaveStatus": false,
        "encryptedattributevalue": "ldaps://IP Address"
      },
      {
        "formdata": null,
        "encryptedattributevalue": "LDAP",
        "credentialSaveStatus": false,
        "attributename": "LDAP_OR_AD"
      },
      {
        "attributename": "SEARCHFILTER",
        "formdata": null,
        "encryptedattributevalue": "o=SAMPLE.com",
        "credentialSaveStatus": false
      },
      {
        "formdata": null,
        "attributename": "OBJECTFILTER",
        "credentialSaveStatus": false,
        "encryptedattributevalue": "(&(objectClass=hgstPerson)(hgstSerialNumber=*))"
      },
      {
        "encryptedattributevalue": "",
        "formdata": null,
        "attributename": "IMPORTJSON",
        "credentialSaveStatus": false
      },
      {
        "formdata": null,
        "attributename": "ACCOUNT_ATTRIBUTE",
        "credentialSaveStatus": false,
        "encryptedattributevalue": "[name::hgstSerialNumber#String,customproperty1::objectGUID#Binary,customproperty30::msDS-UserAccountDisabled#String,\r\ncustomproperty28::samAccountName#String,customproperty2::intraNetID#String,ACCOUNTID::distinguishedName#String,RECONCILATION_FIELD::customproperty1]"
      },
      {
        "formdata": null,
        "credentialSaveStatus": false,
        "attributename": "ENTITLEMENT_ATTRIBUTE",
        "encryptedattributevalue": "memberOf"
      },
      {
        "formdata": null,
        "attributename": "PAGE_SIZE",
        "credentialSaveStatus": false,
        "encryptedattributevalue": "1000"
      },
      {
        "attributename": "USER_ATTRIBUTE",
        "encryptedattributevalue": "",
        "formdata": null,
        "credentialSaveStatus": false
      },
      {
        "formdata": null,
        "attributename": "DEFAULT_USER_ROLE",
        "credentialSaveStatus": false,
        "encryptedattributevalue": "ROLE_ENDUSER"
      },
      {
        "encryptedattributevalue": "",
        "formdata": null,
        "attributename": "ENDPOINTS_FILTER",
        "credentialSaveStatus": false
      },
      {
        "formdata": null,
        "credentialSaveStatus": false,
        "attributename": "CREATEACCOUNTJSON",
        "encryptedattributevalue": "{ \"objectCategory\": \"CN=Person,CN=Schema,CN=Configuration,CN=TEST\", \"objectClass\": [\"top\", \"person\", \"organizationalPerson\", \"user\", \"hgstPerson\"], \r\n\"hgstSerialNumber\": \"${user.username}\",\r\n\"sn\":\"${user.lastname}\",\r\n\"cn\":\"${user.firstname}\",\r\n\"mail\":\"${user.email}\",\r\n\"telephoneNumber\":\"${user.customproperty24}\",\r\n\"serialNumber\":\"${user.customproperty10}\",\r\n\"isManager\":\"${user.customproperty11}\",\r\n\"employeeType\":\"${user.employeeType}\",\r\n\"userPrincipalName\":\"${user.customproperty22}\",\r\n\"workLocation\":\"${user.locationdesc}\",\r\n\"workLoc\":\"${user.location}\",\r\n\"samAccountName\":\"${user.customproperty1}\",\r\n\"firstName\":\"${user.firstname}\",\r\n\"lastName\":\"${user.lastname}\",\r\n\"departmentName\":\"${user.departmentname}\",\r\n\"tieLine\":\"${user.customproperty23}\",\r\n\"intraNetId\":\"${user.customproperty22}\",\r\n\"uid\":\"${user.username}\",\r\n\"manager\":\"${managerAccount==null?'':managerAccount.accountID}\",\r\n\"msDS-UserAccountDisabled\":\"${user.customproperty17!=null && user.customproperty17.toString().toUpperCase()=='A'?'FALSE':'TRUE'}\" ,\r\n}"
      },
      {
        "formdata": null,
        "attributename": "UPDATEACCOUNTJSON",
        "credentialSaveStatus": false,
        "encryptedattributevalue": "{\r\n\"hgstSerialNumber\": \"${user.username}\",\r\n\"sn\":\"${user.lastname}\",\r\n\"cn\":\"${user.firstname}\",\r\n\"mail\":\"${user.email}\",\r\n\"telephoneNumber\":\"${user.customproperty24}\",\r\n\"serialNumber\":\"${user.customproperty10}\",\r\n\"isManager\":\"${user.customproperty11}\",\r\n\"employeeType\":\"${user.employeeType}\",\r\n\"userPrincipalName\":\"${user.customproperty22}\",\r\n\"workLocation\":\"${user.locationdesc}\",\r\n\"workLoc\":\"${user.location}\",\r\n\"samAccountName\":\"${user.customproperty1}\",\r\n\"firstName\":\"${user.firstname}\",\r\n\"lastName\":\"${user.lastname}\",\r\n\"departmentName\":\"${user.departmentname}\",\r\n\"tieLine\":\"${user.customproperty23}\",\r\n\"intraNetId\":\"${user.customproperty22}\",\r\n\"uid\":\"${user.username}\",\r\n\"manager\":\"${managerAccount==null?'':managerAccount.accountID}\",\r\n\"msDS-UserAccountDisabled\":\"${user.customproperty17!=null && user.customproperty17.toString().toUpperCase()=='A'?'FALSE':'TRUE'}\" \r\n}"
      },
      {
        "attributename": "REUSEACCOUNTJSON",
        "encryptedattributevalue": "",
        "formdata": null,
        "credentialSaveStatus": false
      },
      {
        "encryptedattributevalue": "",
        "formdata": null,
        "attributename": "UPDATEUSERJSON",
        "credentialSaveStatus": false
      },
      {
        "encryptedattributevalue": "",
        "formdata": null,
        "credentialSaveStatus": false,
        "attributename": "ENABLEACCOUNTJSON"
      },
      {
        "encryptedattributevalue": "",
        "formdata": null,
        "credentialSaveStatus": false,
        "attributename": "RESETANDCHANGEPASSWRDJSON"
      },
      {
        "formdata": null,
        "attributename": "BASE",
        "credentialSaveStatus": false,
        "encryptedattributevalue": "OU=HiFind,O=.com"
      },
      {
        "encryptedattributevalue": "",
        "formdata": null,
        "attributename": "FILTER",
        "credentialSaveStatus": false
      },
      {
        "formdata": null,
        "attributename": "ACCOUNTNAMERULE",
        "credentialSaveStatus": false,
        "encryptedattributevalue": "uid=${user.username},OU=HiFind,O=.com"
      },
      {
        "encryptedattributevalue": "",
        "formdata": null,
        "attributename": "ADVSEARCH",
        "credentialSaveStatus": false
      },
      {
        "encryptedattributevalue": "",
        "formdata": null,
        "attributename": "CHECKFORUNIQUE",
        "credentialSaveStatus": false
      },
      {
        "encryptedattributevalue": "",
        "attributename": "REUSEINACTIVEACCOUNT",
        "formdata": null,
        "credentialSaveStatus": false
      },
      {
        "formdata": null,
        "attributename": "REMOVEACCOUNTACTION",
        "encryptedattributevalue": "{ \"objects\": [ { \"distinguishedName\": \"${account.accountID}\", \"removeAction\": \"DELETE\" } ] }",
        "credentialSaveStatus": false
      },
      {
        "encryptedattributevalue": "",
        "formdata": null,
        "attributename": "groupImportMapping",
        "credentialSaveStatus": false
      },
      {
        "attributename": "groupSearchBaseDN",
        "encryptedattributevalue": "",
        "formdata": null,
        "credentialSaveStatus": false
      },
      {
        "encryptedattributevalue": "",
        "formdata": null,
        "attributename": "createUpdateMappings",
        "credentialSaveStatus": false
      },
      {
        "encryptedattributevalue": "",
        "formdata": null,
        "credentialSaveStatus": false,
        "attributename": "INCREMENTAL_CONFIG"
      },
      {
        "attributename": "MAX_CHANGENUMBER",
        "encryptedattributevalue": "",
        "formdata": null,
        "credentialSaveStatus": false
      },
      {
        "encryptedattributevalue": "",
        "formdata": null,
        "attributename": "SUPPORTEMPTYSTRING",
        "credentialSaveStatus": false
      },
      {
        "encryptedattributevalue": "",
        "formdata": null,
        "credentialSaveStatus": false,
        "attributename": "STATUSKEYJSON"
      },
      {
        "encryptedattributevalue": "",
        "formdata": null,
        "credentialSaveStatus": false,
        "attributename": "ENABLEGROUPMANAGEMENT"
      },
      {
        "encryptedattributevalue": "{ \r\n \"statusAndThresholdConfig\": \r\n { \r\n \"statusColumn\":\"customproperty30\", \r\n \"activeStatus\":[\"FALSE\"], \r\n\"inactiveStatus\":[\"true\"],\r\n \"deleteLinks\": true, \r\n \"accountThresholdValue\" : 80000,\r\n\"correlateInactiveAccounts\": true\r\n } \r\n }",
        "formdata": null,
        "credentialSaveStatus": false,
        "attributename": "STATUS_THRESHOLD_CONFIG"
      },
      {
        "encryptedattributevalue": "",
        "formdata": null,
        "credentialSaveStatus": false,
        "attributename": "DC_LOCATOR"
      },
      {
        "encryptedattributevalue": "",
        "attributename": "DISABLEACCOUNTJSON",
        "formdata": null,
        "credentialSaveStatus": false
      },
      {
        "encryptedattributevalue": "",
        "formdata": null,
        "attributename": "MODIFYUSERDATAJSON",
        "credentialSaveStatus": false
      },
      {
        "encryptedattributevalue": "",
        "formdata": null,
        "credentialSaveStatus": false,
        "attributename": "UNLOCKACCOUNTJSON"
      },
      {
        "encryptedattributevalue": "",
        "formdata": null,
        "credentialSaveStatus": false,
        "attributename": "SETDEFAULTPAGESIZE"
      },
      {
        "encryptedattributevalue": "",
        "formdata": null,
        "attributename": "READ_OPERATIONAL_ATTRIBUTES",
        "credentialSaveStatus": false
      },
      {
        "attributename": "ENFORCE_TREE_DELETION",
        "encryptedattributevalue": "",
        "formdata": null,
        "credentialSaveStatus": false
      },
      {
        "encryptedattributevalue": "",
        "formdata": null,
        "credentialSaveStatus": false,
        "attributename": "ADVANCE_FILTER_JSON"
      },
      {
        "encryptedattributevalue": "",
        "formdata": null,
        "credentialSaveStatus": false,
        "attributename": "ConfigJSON"
      },
      {
        "encryptedattributevalue": "",
        "formdata": null,
        "credentialSaveStatus": false,
        "attributename": "ORG_BASE"
      },
      {
        "encryptedattributevalue": "",
        "formdata": null,
        "attributename": "ORGANIZATION_ATTRIBUTE",
        "credentialSaveStatus": false
      },
      {
        "encryptedattributevalue": "",
        "formdata": null,
        "credentialSaveStatus": false,
        "attributename": "ORGIMPORTJSON"
      },
      {
        "encryptedattributevalue": "",
        "formdata": null,
        "credentialSaveStatus": false,
        "attributename": "CREATEORGJSON"
      },
      {
        "encryptedattributevalue": "",
        "formdata": null,
        "credentialSaveStatus": false,
        "attributename": "UPDATEORGJSON"
      },
      {
        "encryptedattributevalue": "",
        "formdata": null,
        "credentialSaveStatus": false,
        "attributename": "PAM_CONFIG"
      },
      {
        "formdata": null,
        "credentialSaveStatus": false,
        "attributename": "LAST_IMPORT_TIME",
        "encryptedattributevalue": null
      }
    ]
  }
}