{
  "AccessRequest-Removal-Reminder": {
    "bccfld": null,
    "templatecontent": "Hello ${assignee.firstname} ${assignee.lastname},<br><br><b><i>Gentle Reminder :<\u002fi><\u002fb><br><br><div>The ${endpoint.displayName} Access Removal Request has been raised for ${users.firstname} ${users.lastname} <\u002fdiv><div><br><div>Please Approve or reject the request by login into Saviynt Application.<br><br>URL :<a href=\"https://CUSTOMER-ENV.saviyntcloud.com/ECMv6/request/requestHome\" target=\"\" rel=\"\">https://CUSTOMER-ENV.saviyntcloud.com/ECMv6/request/requestHome<\u002fa><br><br><\u002fdiv><div>Note: You are receiving this email because you are listed as manager of ${users.firstname} ${users.lastname} in Saviynt Access Request System.<\u002fdiv><div><br><\u002fdiv><div><i><b>This is an autogenerated email; please do not reply to this message.<\u002fb><\u002fi><\u002fdiv><br>Regards,<br>Identity, Governance and Administration (IGA) Team<\u002fdiv>",
    "contentAsHtml": true,
    "tofld": "${assignee.email}",
    "isAdvHtmlCss": false,
    "fromfld": "ssm-alerts@saviynt.com",
    "id": "AccessRequest-Removal-Reminder",
    "subjectfld": "Saviynt - ${endpoint.displayName} Access Request ID : ${requestid} Access Removal Approval Reminder for ${user.firstname} ${user.lastname} (${user.username})",
    "ccfld": null
  }
}