{
  "Exchange Server": {
    "sslCertificate": {
      "class": "com.saviynt.ecm.utility.domain.SslCertificate",
      "id": 1,
      "alias": "ADCertificate",
      "externalConnections": 
      [
        {
          "class": "com.saviynt.ecm.utility.domain.ExternalConnection",
          "id": 9
        },
        {
          "class": "com.saviynt.ecm.utility.domain.ExternalConnection",
          "id": 5
        }
      ],
      "issuerName": "CN=TESTDOMAIN-TDM-DC01-CA, DC=TESTDOMAIN, DC=COM",
      "status": 1,
      "subjectName": "CN=TESTDOMAIN-TDM-DC01-CA, DC=TESTDOMAIN, DC=COM",
      "updateDate": "2023-09-25T20:45:18Z",
      "validFrom": "2023-07-26T14:43:23Z",
      "validTo": "2028-07-26T14:53:23Z"
    },
    "externalconnectiontype": "WINCONNECTOR",
    "msconnectorversion": null,
    "connectorms": false,
    "templateMandatoryData": "p/UJ/jE0zJ+dTuQOD8MahboMFwzFHZKruSLBPunNgMTi/NVnrXcN/q1FUhM3kYxkHhPIoRaC/kW8bya3kmuhK+vxCAFiqIVQE8QBjUp4kz5woOpiK/sLOvoYd6RdKlDj",
    "statusForEnableDisable": 1,
    "templateName": "WINCONNECTOR",
    "vaultCredentialConnection": null,
    "vaultConfig": null,
    "credentialChangeConfig": null,
    "sslCertificateId": 1,
    "connectorType": null,
    "connectionname": "Exchange Server",
    "connectiondescription": "",
    "status": 1,
    "EXTERNAL_ATTR": 
    [
      {
        "formdata": null,
        "attributename": "URL",
        "credentialSaveStatus": false,
        "encryptedattributevalue": "http://10.31.8.54/WINPS/PS/ExecutePSScript"
      },
      {
        "encryptedattributevalue": "",
        "formdata": null,
        "credentialSaveStatus": false,
        "attributename": "CREATE_ABSENT_USERS"
      },
      {
        "encryptedattributevalue": "",
        "formdata": null,
        "credentialSaveStatus": false,
        "attributename": "SCRIPT_TO_EXECUTE_JSON"
      },
      {
        "encryptedattributevalue": "",
        "formdata": null,
        "credentialSaveStatus": false,
        "attributename": "DATA_MAPPING_JSON"
      },
      {
        "encryptedattributevalue": "",
        "formdata": null,
        "attributename": "ACCOUNT_STATUS_EXPR",
        "credentialSaveStatus": false
      },
      {
        "attributename": "SUSPENDACCOUNTJSON",
        "formdata": null,
        "credentialSaveStatus": false,
        "encryptedattributevalue": "{\"SUSPENDACC\":[\"Script=\\$pw = convertto-securestring '' -asplaintext -force;\\$mycred = new-object -typename System.Management.Automation.PSCredential -argumentlist '\\\\\\\\',\\$pw;Invoke-Command -ComputerName '' -ScriptBlock {Remove-ADUser -Identity '${task.accountName}' -Confirm:\\$false}\"]}"
      },
      {
        "formdata": null,
        "credentialSaveStatus": false,
        "encryptedattributevalue": "{\"ENABLEACC\":[\"Script=\\$pw = convertto-securestring '' -asplaintext -force;\\$mycred = new-object -typename System.Management.Automation.PSCredential -argumentlist '\\\\\\\\',\\$pw;Invoke-Command -ComputerName ''  -ScriptBlock {Enable-ADAccount -Identity '${task.accountName}'}\"]}",
        "attributename": "ENABLEACCOUNTJSON"
      },
      {
        "formdata": null,
        "credentialSaveStatus": false,
        "attributename": "DELETEACCOUNTJSON",
        "encryptedattributevalue": "{\"DELETEACC\":[\"Script=\\$pw = convertto-securestring '' -asplaintext -force;\\$mycred = new-object -typename System.Management.Automation.PSCredential -argumentlist '\\\\\\\\',\\$pw;Invoke-Command -ComputerName '' -ScriptBlock {Remove-ADUser -Identity '${task.accountName}'  -Confirm:\\$false}\"]}"
      },
      {
        "formdata": null,
        "encryptedattributevalue": "{\"CREATEACC\":[\"Script=\\$Ruser = 'tdm\\\\\\\\IDMSaviyntAdmin';\\$Rpasswd = ConvertTo-SecureString 'T3sT@d!2023#' -AsPlainText -Force;\\$Rcred = New-Object System.Management.Automation.PSCredential (\\$Ruser, \\$Rpasswd);try { \\$RSession = New-PSSession -ConfigurationName Microsoft.Exchange -ConnectionUri https://tdm-ex01.testdomain.com/PowerShell/ -Authentication Basic -SessionOption (New-PSSessionOption -SkipCACheck -SkipCNCheck -SkipRevocationCheck) -Credential \\$Rcred; \\$global:output = ''; Invoke-Command -session \\$RSession -ScriptBlock { Enable-Mailbox '${task.accountName}' -Alias '${if (user.email != null) {user.email.substring(0,user.email.indexOf('@'))} else {'null-email@testdomain.com'} }' }; Remove-PSSession \\$RSession; } catch { Write-Error \\$_; }\"],\"SuccessResponses\": \"IsValid:True\"}",
        "credentialSaveStatus": false,
        "attributename": "CREATEACCOUNTJSON"
      },
      {
        "formdata": null,
        "attributename": "UPDATEACCOUNTJSON",
        "encryptedattributevalue": "{\"UPDATEACC\":[\"Script=\\$Ruser = 'tdm\\\\\\\\IDMSaviyntAdmin';\\$Rpasswd = ConvertTo-SecureString 'T3sT@d!2023#' -AsPlainText -Force;\\$Rcred = New-Object System.Management.Automation.PSCredential (\\$Ruser, \\$Rpasswd);try { \\$RSession = New-PSSession -ConfigurationName Microsoft.Exchange -ConnectionUri https://tdm-ex01.testdomain.com/PowerShell/ -Authentication Basic -SessionOption (New-PSSessionOption -SkipCACheck -SkipCNCheck -SkipRevocationCheck) -Credential \\$Rcred; \\$global:output = ''; Invoke-Command -session \\$RSession -ScriptBlock { Set-Mailbox -Identity '${task.accountName}' -EmailAddresses '${user.email}' }; Remove-PSSession \\$RSession; } catch { Write-Error \\$_; }\"],\"SuccessResponses\": \"No results returned\"}",
        "credentialSaveStatus": false
      },
      {
        "attributename": "ACCOUNTEXISTJSON",
        "encryptedattributevalue": "",
        "formdata": null,
        "credentialSaveStatus": false
      },
      {
        "formdata": null,
        "attributename": "GRANTACCESSJSON",
        "credentialSaveStatus": false,
        "encryptedattributevalue": "{\"memberOf\":[\"Script=\\$pw = convertto-securestring '' -asplaintext -force;\\$mycred = new-object -typename System.Management.Automation.PSCredential -argumentlist '\\\\\\\\',\\$pw;Invoke-Command -ComputerName ''  -ScriptBlock {Add-ADGroupMember -Identity '${task.entitlement_valueKey.entitlementID}' -Members '${task.accountName}'}\"]}"
      },
      {
        "formdata": null,
        "attributename": "REVOKEACCESSJSON",
        "credentialSaveStatus": false,
        "encryptedattributevalue": "{\"memberOf\":[\"Script=\\$pw = convertto-securestring '' -asplaintext -force;\\$mycred = new-object -typename System.Management.Automation.PSCredential -argumentlist '\\\\\\\\',\\$pw;Invoke-Command -ComputerName ''  -ScriptBlock {Remove-ADGroupMember -Identity '${task.entitlement_valueKey.entitlementID}' -Members '${task.accountName}'  -Confirm:\\$false}\"]}"
      },
      {
        "encryptedattributevalue": "{\"TESTCOMMAND\":\"SCRIPT=Test-NetConnection 10.31.8.54\",\"RESPONSE\":{\"OBJECTTOREAD\":\"get(0).PingSucceeded\",\"SUCCESSVALUE\":\"TRUE\"}}",
        "formdata": null,
        "attributename": "TESTCONNECTIONJSON",
        "credentialSaveStatus": false
      },
      {
        "encryptedattributevalue": "",
        "formdata": null,
        "credentialSaveStatus": false,
        "attributename": "DCLOCATOR_SCRIPT"
      },
      {
        "encryptedattributevalue": "",
        "formdata": null,
        "credentialSaveStatus": false,
        "attributename": "PASSWDPOLICYJSON"
      },
      {
        "attributename": "DISABLEACCOUNTJSON",
        "formdata": null,
        "encryptedattributevalue": "{\"DISABLEACC\":[\"Script=\\$Ruser = 'tdm\\\\\\\\IDMSaviyntAdmin';\\$Rpasswd = ConvertTo-SecureString 'T3sT@d!2023#' -AsPlainText -Force;\\$Rcred = New-Object System.Management.Automation.PSCredential (\\$Ruser, \\$Rpasswd); \\$RSession = New-PSSession -ConfigurationName Microsoft.Exchange -ConnectionUri https://tdm-ex01.testdomain.com/PowerShell/ -Authentication Basic -SessionOption (New-PSSessionOption -SkipCACheck -SkipCNCheck -SkipRevocationCheck) -Credential \\$Rcred; \\$global:output = ''; Invoke-Command -session \\$RSession -ScriptBlock { Disable-Mailbox -Identity '${task.accountName}' -Confirm:\\$false }; Remove-PSSession \\$RSession;\"],\"SuccessResponses\": \"No results returned\"}",
        "credentialSaveStatus": false
      }
    ]
  }
}