{
  "AccessRequest-Expired": {
    "bccfld": null,
    "templatecontent": "<div>Hello ${assignee.firstname} ${assignee.lastname}, <br><br><div>The ${endpoint.displayName} Access Request ID#: ${requestid} for ${user.firstname} ${user.lastname} (${user.username}) has been Expired as per defined process.<\u002fdiv><div> <br> <b>Request Type:<\u002fb> ${requesttype} <br> <br><b>Requested Entitlements:<\u002fb><br> ${entitlementshtmltablerows} Application Entitlement   Description   Glossary  <br><b>Request Comments:<\u002fb> <br> <i>${request.comments}<\u002fi> <br><br>\r\n\r\nNote:\r\nTo Resubmit/New access request: <a href=\"https://CUSTOMER-ENV.saviyntcloud.com/ECMv6/request/requestHome\" target=\"\" rel=\"\">Link<\u002fa><br><br><div><i><b>This is an autogenerated email; please do not reply to this message.<\u002fb><\u002fi><\u002fdiv><br>Regards,<br>Identity, Governance and Administration (IGA) Team<\u002fdiv><\u002fdiv>",
    "contentAsHtml": true,
    "tofld": "${requestor.email}",
    "isAdvHtmlCss": false,
    "fromfld": "ssm-alerts@saviynt.com",
    "id": "AccessRequest-Expired",
    "subjectfld": "Saviynt - ${endpoint.displayName} Access Request ID : ${requestid} Expired for ${user.firstname} ${user.lastname} (${user.username})",
    "ccfld": "${user.email}"
  }
}