{
  "salesforce_AOB": {
    "status": null,
    "sslCertificateId": null,
    "msconnectorversion": null,
    "connectorms": false,
    "templateName": null,
    "vaultCredentialConnection": null,
    "sslCertificate": null,
    "externalconnectiontype": "SalesForce",
    "vaultConfig": null,
    "credentialChangeConfig": null,
    "statusForEnableDisable": null,
    "connectionname": "salesforce_AOB",
    "templateMandatoryData": null,
    "connectorType": null,
    "connectiondescription": "",
    "EXTERNAL_ATTR": 
    [
      {
        "attributename": "ACCOUNT_FIELD_QUERY",
        "formdata": null,
        "encryptedattributevalue": "Id, Username, LastName, FirstName, Name, CompanyName, Email, IsActive, UserRoleId, ProfileId, UserType, ManagerId, LastLoginDate, LastPasswordChangeDate, CreatedDate, CreatedById, LastModifiedDate, LastModifiedById, SystemModstamp, ContactId, AccountId, FederationIdentifier, UserPermissionsSupportUser",
        "credentialSaveStatus": false
      },
      {
        "formdata": null,
        "encryptedattributevalue": "{\"accountfield_mapping\":{\"accountID\":\"Id~#~char\",\"name\":\"Username~#~char\",\"customproperty2\":\"LastName~#~char\",\"customproperty1\":\"FirstName~#~char\",\"displayName\":\"Name~#~char\",\"customproperty3\":\"CompanyName~#~char\",\"customproperty4\":\"Email~#~char\",\"status\":\"IsActive~#~bool\",\"customproperty12\":\"IsActive~#~bool\",\"customproperty5\":\"UserRoleId~#~char\",\"customproperty6\":\"ProfileId~#~char\",\"accounttype\":\"UserType~#~char\",\"customproperty7\":\"ManagerId~#~char\",\"lastlogondate\":\"LastLoginDate~#~date\",\"lastpasswordchange\":\"LastPasswordChangeDate~#~date\",\"CREATED_ON\":\"CreatedDate~#~date\",\"creator\":\"CreatedById~#~char\",\"customproperty8\":\"LastModifiedDate~#~date\",\"updateUser\":\"LastModifiedById~#~char\",\"updatedate\":\"SystemModstamp~#~date\",\"customproperty9\":\"ContactId~#~char\",\"customproperty10\":\"AccountId~#~char\",\"customproperty13\":\"FederationIdentifier~#~char\",\"customproperty20\":\"UserPermissionsSupportUser~#~bool\",\"customproperty21\":\"featureLicense~#~char\"}}",
        "credentialSaveStatus": false,
        "attributename": "FIELD_MAPPING_JSON"
      },
      {
        "encryptedattributevalue": "{\"Alias\":\"${user?.getFirstname()}\",\"Email\":\"${user?.getEmail()}\",\"Username\":\"${user?.getEmail()}\",\"CommunityNickname\":\"${user?.getFirstname()}${user?.getLastname()}\",\"FirstName\":\"${user?.getFirstname()}\",\"LastName\":\"${user?.getLastname()}\",\"TimeZoneSidKey\":\"America/Los_Angeles\",\"LocaleSidKey\":\"en_US\",\"EmailEncodingKey\":\"ISO-8859-1\",\"ProfileId\":\"${profileId}\",\"LanguageLocaleKey\":\"en_US\",\"IsActive\":true,\"FederationIdentifier\":\"${user?.getEmail()}\"}",
        "formdata": null,
        "credentialSaveStatus": false,
        "attributename": "CREATEACCOUNTJSON"
      },
      {
        "attributename": "REDIRECT_URI",
        "formdata": null,
        "encryptedattributevalue": "https://xxx.salesforce.com/services/oauth2/success",
        "credentialSaveStatus": false
      },
      {
        "encryptedattributevalue": "{\"disableAccountForRevokeTask\":false,\"defaultEntitlementId\":\"\",\"connectionTimeoutConfig\":{\"connectionTimeout\":10,\"readTimeout\":120,\"writeTimeout\":120,\"retryWait\":10,\"retryCount\":5}}",
        "formdata": null,
        "credentialSaveStatus": false,
        "attributename": "CUSTOMCONFIGJSON"
      },
      {
        "formdata": null,
        "encryptedattributevalue": "xxx",
        "credentialSaveStatus": false,
        "attributename": "CLIENT_ID"
      },
      {
        "formdata": null,
        "attributename": "INSTANCE_URL",
        "encryptedattributevalue": "https://xxx.salesforce.com",
        "credentialSaveStatus": false
      },
      {
        "encryptedattributevalue": "{\"Marketing User\":\"UserPermissionsMarketingUser\",\"Knowledge User\":\"UserPermissionsKnowledgeUser\",\"Offline User\":\"UserPermissionsOfflineUser\",\"Flow User\":\"UserPermissionsInteractionUser\",\"Site.com Contributor User\":\"UserPermissionsSiteforceContributorUser\",\"Site.com Publisher User\":\"UserPermissionsSiteforcePublisherUser\",\"Work.com User\":\"UserPermissionsWorkDotComUserFeature\",\"Apex Mobile User\":\"UserPermissionsMobileUser\",\"Salesforce CRM Content User\":\"UserPermissionsSFContentUser\",\"Chatter Answers User\":\"UserPermissionsChatterAnswersUser\"}",
        "formdata": null,
        "credentialSaveStatus": false,
        "attributename": "FEATURE_LICENSE_JSON"
      },
      {
        "encryptedattributevalue": "{\"statusAndThresholdConfig\":{\"accountThresholdValue\":100,\"statusColumn\":\"customproperty12\",\"activeStatus\":[\"true\"],\"deleteLinks\":true,\"lockedStatusColumn\":\"customproperty22\",\"lockedStatusMapping\":{\"Locked\":[\"1\"],\"Unlocked\":[\"0\"]}}}",
        "formdata": null,
        "credentialSaveStatus": false,
        "attributename": "STATUS_THRESHOLD_CONFIG"
      },
      {
        "encryptedattributevalue": "{\"Alias\":\"${user?.getFirstname()}\",\"Email\":\"${user?.getEmail()}\",\"Username\":\"${user?.getEmail()}\",\"CommunityNickname\":\"${user?.getFirstname()}${user?.getLastname()}\",\"FirstName\":\"${user?.getFirstname()}\",\"LastName\":\"${user?.getLastname()}\",\"TimeZoneSidKey\":\"America/Los_Angeles\",\"LocaleSidKey\":\"en_US\",\"EmailEncodingKey\":\"ISO-8859-1\",\"ProfileId\":\"${profileId}\",\"LanguageLocaleKey\":\"en_US\",\"IsActive\":true,\"FederationIdentifier\":\"${user?.getEmail()}\"}",
        "formdata": null,
        "attributename": "MODIFYACCOUNTJSON",
        "credentialSaveStatus": false
      },
      {
        "formdata": null,
        "credentialSaveStatus": false,
        "attributename": "OBJECT_TO_BE_IMPORTED",
        "encryptedattributevalue": "Profile,Role,Group,PermissionSet"
      },
      {
        "formdata": null,
        "encryptedattributevalue": "{\"@INSTANCE_NAME@\":\"xxx\"}",
        "credentialSaveStatus": false,
        "attributename": "AOB_CONNECTION_TEMPLATE_VARIABLES"
      }
    ]
  }
}