{
  "SSMDB": {
    "sslCertificateId": null,
    "msconnectorversion": null,
    "connectorms": false,
    "templateName": null,
    "statusForEnableDisable": 1,
    "vaultCredentialConnection": null,
    "sslCertificate": null,
    "connectiondescription": "SSMDB",
    "externalconnectiontype": "DB",
    "vaultConfig": null,
    "credentialChangeConfig": null,
    "connectionname": "SSMDB",
    "templateMandatoryData": null,
    "connectorType": null,
    "status": 1,
    "EXTERNAL_ATTR": 
    [
      {
        "formdata": null,
        "attributename": "URL",
        "encryptedattributevalue": "jdbc:mysql://field-eic-dev.c1lln8i9zejy.us-east-1.rds.amazonaws.com:3306/saviyntaws",
        "credentialSaveStatus": false
      },
      {
        "formdata": null,
        "credentialSaveStatus": false,
        "attributename": "DRIVERNAME",
        "encryptedattributevalue": "com.mysql.jdbc.Driver"
      },
      {
        "encryptedattributevalue": "",
        "formdata": null,
        "attributename": "CONNECTIONPROPERTIES",
        "credentialSaveStatus": false
      },
      {
        "encryptedattributevalue": "",
        "formdata": null,
        "credentialSaveStatus": false,
        "attributename": "CREATEACCOUNTJSON"
      },
      {
        "encryptedattributevalue": "",
        "formdata": null,
        "attributename": "UPDATEACCOUNTJSON",
        "credentialSaveStatus": false
      },
      {
        "encryptedattributevalue": "",
        "formdata": null,
        "attributename": "GRANTACCESSJSON",
        "credentialSaveStatus": false
      },
      {
        "encryptedattributevalue": "",
        "formdata": null,
        "attributename": "REVOKEACCESSJSON",
        "credentialSaveStatus": false
      },
      {
        "formdata": null,
        "credentialSaveStatus": false,
        "attributename": "CHANGEPASSJSON",
        "encryptedattributevalue": null
      },
      {
        "encryptedattributevalue": "",
        "formdata": null,
        "credentialSaveStatus": false,
        "attributename": "DELETEACCOUNTJSON"
      },
      {
        "encryptedattributevalue": "",
        "formdata": null,
        "credentialSaveStatus": false,
        "attributename": "ENABLEACCOUNTJSON"
      },
      {
        "encryptedattributevalue": "",
        "attributename": "DISABLEACCOUNTJSON",
        "formdata": null,
        "credentialSaveStatus": false
      },
      {
        "encryptedattributevalue": "",
        "formdata": null,
        "credentialSaveStatus": false,
        "attributename": "ACCOUNTEXISTSJSON"
      },
      {
        "encryptedattributevalue": "",
        "formdata": null,
        "attributename": "UPDATEUSERJSON",
        "credentialSaveStatus": false
      },
      {
        "encryptedattributevalue": "",
        "formdata": null,
        "attributename": "ACCOUNTSIMPORT",
        "credentialSaveStatus": false
      },
      {
        "encryptedattributevalue": "",
        "attributename": "ENTITLEMENTVALUEIMPORT",
        "formdata": null,
        "credentialSaveStatus": false
      },
      {
        "encryptedattributevalue": "",
        "formdata": null,
        "credentialSaveStatus": false,
        "attributename": "ROLEOWNERIMPORT"
      },
      {
        "encryptedattributevalue": "",
        "formdata": null,
        "credentialSaveStatus": false,
        "attributename": "ROLESIMPORT"
      },
      {
        "encryptedattributevalue": "",
        "formdata": null,
        "credentialSaveStatus": false,
        "attributename": "SYSTEMIMPORT"
      },
      {
        "formdata": null,
        "encryptedattributevalue": "<dataMapping>\r\n<before-import>\r\n<\u002fbefore-import>\r\n<sql-query description=\"This is the Source DB Query\" uniquecolumnsascommaseparated=\"username\">\r\n<![CDATA[\r\nselect  username,(CASE WHEN statuskey IS NULL THEN '1' ELSE NULL END) as manager from users where statuskey = 1;\r\n]]>\r\n<\u002fsql-query>\r\n<importsettings>\r\n<zeroDayProvisioning>false<\u002fzeroDayProvisioning>\r\n<userNotInFileAction>NOACTION<\u002fuserNotInFileAction>\r\n<checkRules>true<\u002fcheckRules>\r\n<buildUserMap>false<\u002fbuildUserMap>\r\n<userReconcillationField>username<\u002fuserReconcillationField>\r\n<\u002fimportsettings>\r\n<mapper description=\"This is the mapping field for SAviynt Field name\" dateformat=\"date\" >\r\n<mapfield saviyntproperty=\"username\" sourceproperty=\"username\" type=\"character\"><\u002fmapfield>\r\n<mapfield saviyntproperty=\"manager\" sourceproperty=\"manager\" type=\"character\"><\u002fmapfield>\r\n<\u002fmapper>\r\n<after-import description=\"SQL\">\r\n<\u002fafter-import>\r\n<\u002fdataMapping>",
        "credentialSaveStatus": false,
        "attributename": "USERIMPORT"
      },
      {
        "encryptedattributevalue": "",
        "formdata": null,
        "attributename": "MODIFYUSERDATAJSON",
        "credentialSaveStatus": false
      },
      {
        "encryptedattributevalue": "",
        "formdata": null,
        "credentialSaveStatus": false,
        "attributename": "STATUS_THRESHOLD_CONFIG"
      },
      {
        "encryptedattributevalue": "",
        "formdata": null,
        "attributename": "MAX_PAGINATION_SIZE",
        "credentialSaveStatus": false
      },
      {
        "encryptedattributevalue": "",
        "formdata": null,
        "attributename": "CLI_COMMAND_JSON",
        "credentialSaveStatus": false
      }
    ]
  }
}