[{"EMAILTEMPLATE":"","ANALYTICSTYPE":"2","PRECONFIGURED":0,"PERENDPOINT":0,"SUBCATEGORY":"","ACTIONJSON":"{\"sendEmail\":\"false\",\"saveToDBElastic\":{\"version\":\"v2\",\"checked\":\"true\"},\"saveToFile\":\"false\"}","ANALYTICSQRY":"select e.displayname as APPLICATION, a.NAME, a.ACCOUNTID, a.STATUS AS STATUS_OF_ACCOUNT, case when ua.USERKEY IS NOT NULL THEN 'Correlated' ELSE 'Orphan' END AS Type from accounts a join endpoints e ON a.endpointkey =e.endpointkey left join user_accounts ua ON a.accountkey=ua.accountkey where a.status not in ('SUSPENDED FROM IMPORT SERVICE', 'InActive', 'Inactive', '2', 'Manually Suspended', '0') and e.displayname is not null and e.displayname !=''","STATUS":1,"ANALYTICSNAME":"ApplicationImport_OrphanVsCorrelated","ALLOWEDACTION":"","DESCRIPTION":"ApplicationImport_OrphanVsCorrelatedAccounts","RECOMMENDATIONS":"","CATEGORY":"AdminDashboard","COLUMNNAMEASCSV":"{\"leftFilterFieldList\":[\"APPLICATION\",\"NAME\",\"ACCOUNTID\",\"STATUS_OF_ACCOUNT\",\"Type\"],\"feildSet\":[\"APPLICATION\",\"NAME\",\"ACCOUNTID\",\"STATUS_OF_ACCOUNT\",\"Type\"]}","DISPLAYNAME":"","NOOFHISTORYTOKEEP":10,"CUSTOMPROPERTY10":"","CREATEDATE":"2025-02-14 09:38:19.0","LASTRUN":"2025-02-14 11:17:05.0","CUSTOMPROPERTY4":"","RISK":"Low","CUSTOMPROPERTY5":"","CUSTOMPROPERTY2":"","CUSTOMPROPERTY3":"","SECURITYCONTEXT":0,"ENABLEARCHIVAL":false,"CUSTOMPROPERTY1":"","EXTERNALCONNECTION":"","CUSTOMPROPERTY8":"","CUSTOMPROPERTY9":"","CUSTOMPROPERTY6":"","BASECOUNT":-1,"CUSTOMPROPERTY7":"","UNIQUEIDENTITY":"blank","METADATA":"{\"totalData\":6170,\"containsBlobTypeColumn\":false,\"lastHistorySize\":6170,\"columns\":{\"STATUS_OF_ACCOUNT\":\"VARCHAR\",\"Type\":\"VARCHAR\",\"APPLICATION\":\"VARCHAR\",\"ACCOUNTID\":\"VARCHAR\",\"NAME\":\"VARCHAR\"},\"newControl\":true,\"lastExecutionTime\":\"2.975 Seconds\",\"lastQueryExecutionTime\":\"0.024 Seconds\"}","TAGS":"","QUERYBUILDERJSON":""},{"EMAILTEMPLATE":"","ANALYTICSTYPE":"2","PRECONFIGURED":0,"PERENDPOINT":0,"SUBCATEGORY":"UMCampaign","ACTIONJSON":"{\"sendEmail\":\"false\",\"saveToDBElastic\":{\"version\":\"v2\",\"checked\":\"true\"},\"saveToFile\":\"false\"}","ANALYTICSQRY":"SELECT cm.CAMPAIGN_NAME AS 'Campaign Name', CASE cm.STATUS WHEN 1 then 'New' WHEN 2 then 'Completed' WHEN 5 then 'In Progress' WHEN 7 then 'Expired' END AS 'Status of Campaign', sum(CASE WHEN cus.CERTIFIED=3 THEN 1 ELSE 0 END) AS 'Does Not Work For Me', sum(CASE WHEN cus.CERTIFIED=4 THEN 1 ELSE 0 END) AS 'Terminated', sum(CASE WHEN cus.AUDITTRAIL LIKE '%Consulted to%' THEN 1 ELSE 0 END) AS 'Consulted' FROM campaign cm INNER JOIN certification c ON cm.id = c.CAMPAIGNKEY INNER JOIN certification_user_status cus ON c.CERTKEY =cus.CERTKEY AND (cus.CERTIFIED in (3,4) or cus.AUDITTRAIL LIKE '%Consulted to%') WHERE cm.CAMPAIGN_TYPE =2 and c.IS_IGNORE_STEP1DATA_POPULATED = false and cm.STATUS in (1,2,5,7) AND cm.start_date > DATE_SUB(CURDATE(), INTERVAL 30 DAY) GROUP BY cm.CAMPAIGN_NAME ORDER BY cm.CREATION_DATE ;","STATUS":1,"ANALYTICSNAME":"CCA_CC_User Manager Campaign Actions By Type","ALLOWEDACTION":"","DESCRIPTION":"User Manager Campaign \u2013 Number of \u2018Does not work for me\u2019, \u2018Terminated\u2019 and \u2018Consulted\u2019 in the past 30 days","RECOMMENDATIONS":"","CATEGORY":"AdminDashboard","COLUMNNAMEASCSV":"{\"leftFilterFieldList\":[\"Campaign Name\",\"Status of Campaign\",\"Does Not Work For Me\",\"Terminated\",\"Consulted\"],\"feildSet\":[\"Campaign Name\",\"Status of Campaign\",\"Does Not Work For Me\",\"Terminated\",\"Consulted\"]}","DISPLAYNAME":"CCA_CC_User Manager Campaign Actions By Type","NOOFHISTORYTOKEEP":10,"CUSTOMPROPERTY10":"","CREATEDATE":"2025-02-14 09:38:19.0","LASTRUN":"","CUSTOMPROPERTY4":"","RISK":"Medium","CUSTOMPROPERTY5":"","CUSTOMPROPERTY2":"","CUSTOMPROPERTY3":"","SECURITYCONTEXT":0,"ENABLEARCHIVAL":false,"CUSTOMPROPERTY1":"","EXTERNALCONNECTION":"","CUSTOMPROPERTY8":"","CUSTOMPROPERTY9":"","CUSTOMPROPERTY6":"","BASECOUNT":-1,"CUSTOMPROPERTY7":"","UNIQUEIDENTITY":"blank","METADATA":"{\"totalData\":6,\"containsBlobTypeColumn\":false,\"lastHistorySize\":0,\"columns\":{\"Consulted\":\"DECIMAL\",\"Status of Campaign\":\"VARCHAR\",\"Does Not Work For Me\":\"DECIMAL\",\"Terminated\":\"DECIMAL\",\"Campaign Name\":\"VARCHAR\"},\"newControl\":true,\"lastExecutionTime\":\"0.023 Seconds\",\"lastQueryExecutionTime\":\"0 Seconds\"}","TAGS":"Campaigns","QUERYBUILDERJSON":""},{"EMAILTEMPLATE":"","ANALYTICSTYPE":"2","PRECONFIGURED":0,"PERENDPOINT":0,"SUBCATEGORY":"CCA","ACTIONJSON":"{\"sendEmail\":\"false\",\"saveToDBElastic\":{\"version\":\"v2\",\"checked\":\"true\"},\"saveToFile\":\"false\"}","ANALYTICSQRY":"SELECT cm.campaign_name AS 'Campaign Name', u.SYSTEMUSERNAME AS 'Campaign Owner', DATE_FORMAT(cm.start_date,\"%d-%b-%Y\") AS 'Campaign Starting On', DATE_FORMAT(cm.end_date,\"%d-%b-%Y\") AS 'Campaign Ending On', CASE cm.campaign_type WHEN '1' THEN 'ENTITLEMENTOWNER' WHEN '2' THEN 'USERMANAGER' WHEN '3' THEN 'SELF_CERTIFICATION' WHEN '5' THEN 'ROLEOWNER' WHEN '6' THEN 'SERVICEACCOUNT' WHEN '7' THEN 'ORGANIZATION' WHEN '8' THEN 'APPLICATION_OWNER' WHEN '9' THEN 'APPLICATIONOWNER_METADATA' END AS campaign_type FROM campaign cm, users u WHERE cm.campaign_owner_id = u.USERKEY AND cm.campaign_type = 2 AND cm.start_date > DATE_SUB(CURDATE(), INTERVAL 30 DAY);","STATUS":1,"ANALYTICSNAME":"CCA_CC_User_Manager_Campaigns_Created","ALLOWEDACTION":"","DESCRIPTION":"Campaigns launched (past 30 days)","RECOMMENDATIONS":"","CATEGORY":"AdminDashboard","COLUMNNAMEASCSV":"{\"leftFilterFieldList\":[\"Campaign Name\",\"Campaign Owner\",\"Campaign Starting On\",\"Campaign Ending On\",\"campaign_type\"],\"feildSet\":[\"Campaign Name\",\"Campaign Owner\",\"Campaign Starting On\",\"Campaign Ending On\",\"campaign_type\"]}","DISPLAYNAME":"Dashboard_User_Manager_Campaigns_Created_In_Last_30_Days","NOOFHISTORYTOKEEP":5,"CUSTOMPROPERTY10":"","CREATEDATE":"2025-02-14 09:38:20.0","LASTRUN":"","CUSTOMPROPERTY4":"","RISK":"Low","CUSTOMPROPERTY5":"","CUSTOMPROPERTY2":"","CUSTOMPROPERTY3":"","SECURITYCONTEXT":0,"ENABLEARCHIVAL":false,"CUSTOMPROPERTY1":"","EXTERNALCONNECTION":"","CUSTOMPROPERTY8":"","CUSTOMPROPERTY9":"","CUSTOMPROPERTY6":"","BASECOUNT":-1,"CUSTOMPROPERTY7":"","UNIQUEIDENTITY":"blank","METADATA":"{\"totalData\":1,\"containsBlobTypeColumn\":false,\"lastHistorySize\":1,\"columns\":{\"Campaign End Date\":\"DATETIME\",\"campaign_type\":\"VARCHAR\",\"Campaign Owner\":\"VARCHAR\",\"Campaign Start Date\":\"DATETIME\",\"Campaign Name\":\"VARCHAR\"},\"newControl\":true,\"lastExecutionTime\":\"68.144 Seconds\",\"lastQueryExecutionTime\":\"0.001 Seconds\"}","TAGS":"Campaigns","QUERYBUILDERJSON":""},{"EMAILTEMPLATE":"","ANALYTICSTYPE":"2","PRECONFIGURED":0,"PERENDPOINT":0,"SUBCATEGORY":"UMCampaign","ACTIONJSON":"{\"sendEmail\":\"false\",\"saveToDBElastic\":{\"version\":\"v2\",\"checked\":\"true\"},\"saveToFile\":\"false\"}","ANALYTICSQRY":"select cm.campaign_name as 'Campaign Name', case cm.campaign_type when '1' then 'ENTITLEMENTOWNER' when '2' then 'USERMANAGER' when '3' then 'SELF_CERTIFICATION' when '5' then 'ROLEOWNER' when '6' then 'SERVICEACCOUNT' when '7' then 'ORGANIZATION' when '8' then 'APPLICATION_OWNER' when '9' then 'APPLICATIONOWNER_METADATA' end as 'Campaign Type', c.CERT_NAME as 'Certification Name', u.username as 'Certifier', u.DEPARTMENTNAME as 'Certifier Department', case when c.status = 0 then 'New' when c.status = 1 then 'In Progress' when c.status = 2 then 'Completed' when c.status = 3 then 'Locked' when c.status = 4 then 'Expired' when c.status = 5 then 'Discontinued' when c.status = 6 then 'Preview' when c.status = 7 then 'Discontinued' when c.status = 8 then 'LockedandTaskCreated' when c.status = 9 then 'Cancelled' end as 'Certification Status', cm.start_date as 'Campaign_Start_Date', cm.end_date as 'Campaign_End_Date', c.STARTDATE as 'Certification_Start_Date', c.ENDDATE as 'Certification_End_Date' from certification c join campaign cm on c.CAMPAIGNKEY = cm.id join users u on c.certifier = u.USERKEY where c.UPDATEDATE > DATE_SUB(CURDATE(), INTERVAL 30 DAY) and campaign_type = 2 and c.status in (2,3,8) and c.UPDATEDATE < c.ENDDATE and c.CERT_NAME like 'Transfer_Certification_%' order by c.CERTKEY desc;","STATUS":1,"ANALYTICSNAME":"Dasboard_Managers_Who_Completed_TransferCertififcation_On_Time","ALLOWEDACTION":"","DESCRIPTION":"Managers who completed Transfer certifications on time","RECOMMENDATIONS":"","CATEGORY":"AdminDashboard","COLUMNNAMEASCSV":"{\"leftFilterFieldList\":[\"Campaign Name\",\"Campaign Type\",\"Certification Name\",\"Certifier\",\"Certifier Department\",\"Certification Status\",\"Campaign_Start_Date\",\"Campaign_End_Date\",\"Certification_Start_Date\",\"Certification_End_Date\"],\"feildSet\":[\"Campaign Name\",\"Campaign Type\",\"Certification Name\",\"Certifier\",\"Certifier Department\",\"Certification Status\",\"Campaign_Start_Date\",\"Campaign_End_Date\",\"Certification_Start_Date\",\"Certification_End_Date\"]}","DISPLAYNAME":"Dasboard_Managers_Who_Completed_TransferCertification_On_Time","NOOFHISTORYTOKEEP":5,"CUSTOMPROPERTY10":"","CREATEDATE":"2025-02-14 09:38:20.0","LASTRUN":"","CUSTOMPROPERTY4":"","RISK":"Low","CUSTOMPROPERTY5":"","CUSTOMPROPERTY2":"","CUSTOMPROPERTY3":"","SECURITYCONTEXT":0,"ENABLEARCHIVAL":false,"CUSTOMPROPERTY1":"","EXTERNALCONNECTION":"","CUSTOMPROPERTY8":"","CUSTOMPROPERTY9":"","CUSTOMPROPERTY6":"","BASECOUNT":-1,"CUSTOMPROPERTY7":"","UNIQUEIDENTITY":"blank","METADATA":"{\"totalData\":0,\"containsBlobTypeColumn\":false,\"lastHistorySize\":0,\"columns\":{\"Certification Name\":\"VARCHAR\",\"Certifier Department\":\"VARCHAR\",\"Certification_Start_Date\":\"DATETIME\",\"Certification Status\":\"VARCHAR\",\"Certification_End_Date\":\"DATETIME\",\"Campaign_End_Date\":\"DATETIME\",\"Certifier\":\"VARCHAR\",\"Campaign_Start_Date\":\"DATETIME\",\"Campaign Type\":\"VARCHAR\",\"Campaign Name\":\"VARCHAR\"},\"newControl\":true,\"lastExecutionTime\":\"0.023 Seconds\",\"lastQueryExecutionTime\":\"0 Seconds\"}","TAGS":"","QUERYBUILDERJSON":""},{"EMAILTEMPLATE":"","ANALYTICSTYPE":"2","PRECONFIGURED":0,"PERENDPOINT":0,"SUBCATEGORY":"","ACTIONJSON":"{\"sendEmail\":\"false\",\"saveToDBElastic\":{\"version\":\"v2\",\"checked\":\"true\"},\"saveToFile\":\"false\"}","ANALYTICSQRY":"SELECT DISTINCT JOBNAME AS JOB_NAME, TRIGGERNAME AS TRIGGER_NAME, EXTERNALCONNECTION AS CONNECTION_NAME, SAVRESPONSE AS STATUS_OF_JOB, JOBSTARTDATE AS STARTDATE_OF_JOB, JOBENDDATE AS ENDDATE_OF_JOB FROM ecmimportjob WHERE JOBNAME LIKE 'WSRetryJob' AND JOBSTARTDATE >= (UTC_DATE() - INTERVAL 30 DAY)","STATUS":1,"ALLOWEDACTION":"","ANALYTICSNAME":"ProvisioningJob_SuccessRate","DESCRIPTION":"ProvisioningJob_SuccessRate","RECOMMENDATIONS":"","CATEGORY":"AdminDashboard","COLUMNNAMEASCSV":"{\"leftFilterFieldList\":[\"JOB_NAME\",\"TRIGGER_NAME\",\"CONNECTION_NAME\",\"STATUS_OF_JOB\",\"STARTDATE_OF_JOB\",\"ENDDATE_OF_JOB\"],\"feildSet\":[\"JOB_NAME\",\"TRIGGER_NAME\",\"CONNECTION_NAME\",\"STATUS_OF_JOB\",\"STARTDATE_OF_JOB\",\"ENDDATE_OF_JOB\"]}","DISPLAYNAME":"","NOOFHISTORYTOKEEP":10,"CUSTOMPROPERTY10":"","CREATEDATE":"2025-02-14 09:38:22.0","LASTRUN":"","CUSTOMPROPERTY4":"","RISK":"Low","CUSTOMPROPERTY5":"","CUSTOMPROPERTY2":"","CUSTOMPROPERTY3":"","SECURITYCONTEXT":0,"ENABLEARCHIVAL":false,"CUSTOMPROPERTY1":"","EXTERNALCONNECTION":"","CUSTOMPROPERTY8":"","CUSTOMPROPERTY9":"","CUSTOMPROPERTY6":"","BASECOUNT":-1,"CUSTOMPROPERTY7":"","UNIQUEIDENTITY":"blank","METADATA":"{\"totalData\":49285,\"containsBlobTypeColumn\":false,\"lastHistorySize\":49285,\"columns\":{\"TRIGGER_NAME\":\"VARCHAR\",\"STARTDATE_OF_JOB\":\"DATETIME\",\"ENDDATE_OF_JOB\":\"DATETIME\",\"CONNECTION_NAME\":\"MEDIUMTEXT\",\"STATUS_OF_JOB\":\"LONGTEXT\",\"JOB_NAME\":\"VARCHAR\"},\"newControl\":true,\"lastExecutionTime\":\"10.498 Seconds\",\"lastQueryExecutionTime\":\"0.339 Seconds\"}","TAGS":"","QUERYBUILDERJSON":""},{"EMAILTEMPLATE":"","ANALYTICSTYPE":"2","PRECONFIGURED":0,"PERENDPOINT":0,"SUBCATEGORY":"","ACTIONJSON":"{\"sendEmail\":\"false\",\"saveToDBElastic\":{\"version\":\"v2\",\"checked\":\"true\"},\"saveToFile\":\"false\"}","ANALYTICSQRY":"SELECT DISTINCT t.taskkey AS 'TASK ID', u.username AS USERNAME, u.DISPLAYNAME as 'USER NAME', u.email AS 'USER EMAIL', ep.displayname AS 'APPLICATION', t.accountname AS 'ACCOUNT NAME', enttype.entitlementname as 'ENTITLEMENT', ev.entitlement_value AS 'ENTITLEMENT VALUE',ev.DISPLAYNAME AS 'ENTITEMENTVALUE DISPLAYNAME', t.source AS 'TASK SOURCE', CASE WHEN t.source = 'REQUEST' and t.REQUESTKEY is not null THEN (select substring_index(JBPMPROCESSINSTANCEID,'.',-1) from ars_requests where requestkey = t.REQUESTKEY) WHEN t.source in ('PROVRULE','ZERODAY') THEN (select NAME from hanarule where HANARULEKEY = t.ASSIGNEDFROMRULE) WHEN t.source in ('CERTIFICATION') THEN (select cert_name from certification where CERTKEY = t.sourceid) WHEN t.source in ('ANALYTICS_V2') THEN (select ANALYTICSNAME from analyticsconfiges where ANALYTICSKEY = t.sourceid) WHEN t.source in ('ANALYTICS','ANALYTICS_V1') THEN (select ANALYTICSNAME from analyticsconfig where ANALYTICSKEY = t.sourceid) ELSE t.sourceid END AS 'TASK SOURCE DETAILS', t.comments as 'TASK COMMENTS', case when t.tasktype = 1 then 'Add Access' when t.tasktype = 2 then 'Remove Access' when t.tasktype = 3 then 'New Account' when t.tasktype = 4 then 'Role' when t.tasktype = 5 then 'Change Password' when t.tasktype = 6 then 'Enable Account' when t.tasktype = 7 then 'Claim Account' when t.tasktype = 8 then 'Delete Account' when t.tasktype = 9 then 'Update User' when t.tasktype = 12 then 'Update Account' when t.tasktype = 13 then 'Proposed Entitlement Owner' when t.tasktype = 14 then 'Disable Account' when t.tasktype = 23 then 'Modify Privilege' when t.tasktype = 24 then 'Create Entitlement' when t.tasktype = 25 then 'Add Access Entitlement' when t.tasktype = 26 then 'Remove Access Entitlement' when t.tasktype = 27 then 'Update Entitlement' when t.tasktype = 28 then 'Delete Entitlement' when t.tasktype = 29 then 'Grant Firefighter ID' when t.tasktype = 30 then 'Revoke Firefighter ID' else t.tasktype end as TASKTYPE, CASE t.status WHEN 1 THEN 'NEW' WHEN 2 THEN 'INPROGRESS' WHEN 3 THEN 'COMPLETE' WHEN 4 THEN 'DISCONTINUE' WHEN 5 THEN 'PENDING_CREATE' WHEN 6 THEN 'PENDING_PROVISION' WHEN 7 THEN 'PROVISION_FAILED' WHEN 8 THEN 'ERROR' WHEN 9 THEN 'NO ACTION NEEDED' ELSE t.status END AS 'TASK_STATUS', t.taskdate AS 'TASK CREATED ON', t.updatedate AS 'TASK COMPLETED ON', t.PROVISIONINGCOMMENTS AS 'TASK PROVISIONING COMMENTS' FROM endpoints ep INNER JOIN arstasks t ON t.endpoint = ep.endpointkey INNER JOIN users u ON t.userkey = u.userkey LEFT OUTER JOIN entitlement_values ev ON t.entitlement_valuekey = ev.entitlement_valuekey LEFT OUTER JOIN entitlement_types enttype ON ev.entitlementtypekey = enttype.entitlementtypekey WHERE cast(t.taskdate as DATE) >= (UTC_DATE() - INTERVAL 30 DAY) AND t.STATUS IN (4,8)","STATUS":1,"ANALYTICSNAME":"Provisioning_FailuresPerApplication","ALLOWEDACTION":"","RECOMMENDATIONS":"","DESCRIPTION":"Provisioning_FailuresPerApplication","CATEGORY":"AdminDashboard","COLUMNNAMEASCSV":"{\"leftFilterFieldList\":[\"TASK ID\",\"USERNAME\",\"USER NAME\",\"USER EMAIL\",\"APPLICATION\",\"ACCOUNT NAME\",\"ENTITLEMENT\",\"ENTITLEMENT VALUE\",\"ENTITEMENTVALUE DISPLAYNAME\",\"TASK SOURCE\"],\"feildSet\":[\"TASK ID\",\"USERNAME\",\"USER NAME\",\"USER EMAIL\",\"APPLICATION\",\"ACCOUNT NAME\",\"ENTITLEMENT\",\"ENTITLEMENT VALUE\",\"ENTITEMENTVALUE DISPLAYNAME\",\"TASK SOURCE\",\"TASK SOURCE DETAILS\",\"TASK COMMENTS\",\"TASKTYPE\",\"TASK_STATUS\",\"TASK CREATED ON\",\"TASK COMPLETED ON\",\"TASK PROVISIONING COMMENTS\"]}","DISPLAYNAME":"","NOOFHISTORYTOKEEP":10,"CUSTOMPROPERTY10":"","CREATEDATE":"2025-02-14 09:38:22.0","LASTRUN":"","CUSTOMPROPERTY4":"","RISK":"Low","CUSTOMPROPERTY5":"","CUSTOMPROPERTY2":"","CUSTOMPROPERTY3":"","SECURITYCONTEXT":0,"ENABLEARCHIVAL":false,"CUSTOMPROPERTY1":"","EXTERNALCONNECTION":"","CUSTOMPROPERTY8":"","CUSTOMPROPERTY9":"","CUSTOMPROPERTY6":"","BASECOUNT":-1,"CUSTOMPROPERTY7":"","UNIQUEIDENTITY":"blank","METADATA":"{\"totalData\":3,\"containsBlobTypeColumn\":false,\"lastHistorySize\":3,\"columns\":{\"TASK COMMENTS\":\"LONGTEXT\",\"ENTITLEMENT VALUE\":\"VARCHAR\",\"TASK_STATUS\":\"VARCHAR\",\"APPLICATION\":\"VARCHAR\",\"USER EMAIL\":\"VARCHAR\",\"ACCOUNT NAME\":\"VARCHAR\",\"TASK CREATED ON\":\"DATETIME\",\"TASK SOURCE DETAILS\":\"VARCHAR\",\"TASK SOURCE\":\"VARCHAR\",\"ENTITLEMENT\":\"VARCHAR\",\"TASK COMPLETED ON\":\"DATETIME\",\"USERNAME\":\"VARCHAR\",\"ENTITEMENTVALUE DISPLAYNAME\":\"VARCHAR\",\"TASK PROVISIONING COMMENTS\":\"LONGTEXT\",\"TASK ID\":\"BIGINT\",\"USER NAME\":\"VARCHAR\",\"TASKTYPE\":\"VARCHAR\"},\"newControl\":true,\"lastExecutionTime\":\"2.056 Seconds\",\"lastQueryExecutionTime\":\"0.005 Seconds\"}","TAGS":"","QUERYBUILDERJSON":""},{"EMAILTEMPLATE":"","ANALYTICSTYPE":"2","PRECONFIGURED":0,"PERENDPOINT":0,"SUBCATEGORY":"","ACTIONJSON":"{\"sendEmail\":\"false\",\"saveToDBElastic\":{\"version\":\"v2\",\"checked\":\"true\"},\"saveToFile\":\"false\"}","ANALYTICSQRY":"SELECT 'Pending' AS STATUS_OF_TASK, CASE WHEN (UTC_TIMESTAMP() - INTERVAL 12 HOUR) >= TASKDATE THEN 'More than 12 Hours'  WHEN (UTC_TIMESTAMP() - INTERVAL 8 HOUR) >= TASKDATE THEN 'More than 8 Hours'  WHEN (UTC_TIMESTAMP() - INTERVAL 4 HOUR) >= TASKDATE THEN 'More than 4 Hours' ELSE 'Less than 4 hours' END AS TASK_PENDING_FOR, endpoints.DISPLAYNAME AS APPLICATION \r\nFROM arstasks \r\nJOIN endpoints ON arstasks.endpoint=endpoints.endpointkey \r\nWHERE arstasks.STATUS=1 \r\nAND arstasks.TASKTYPE IN (1,2,3,4,6, 8, 12, 14, 31)","STATUS":1,"ALLOWEDACTION":"","ANALYTICSNAME":"Provisioning_PendingTasks","DESCRIPTION":"Provisioning_PendingTasks","RECOMMENDATIONS":"","CATEGORY":"AdminDashboard","COLUMNNAMEASCSV":"{\"leftFilterFieldList\":[\"STATUS_OF_TASK\",\"TASK_PENDING_FOR\",\"APPLICATION\"],\"feildSet\":[\"STATUS_OF_TASK\",\"TASK_PENDING_FOR\",\"APPLICATION\"]}","DISPLAYNAME":"","NOOFHISTORYTOKEEP":10,"CUSTOMPROPERTY10":"","CREATEDATE":"2025-02-14 09:38:22.0","LASTRUN":"","CUSTOMPROPERTY4":"","RISK":"Low","CUSTOMPROPERTY5":"","CUSTOMPROPERTY2":"","CUSTOMPROPERTY3":"","SECURITYCONTEXT":0,"ENABLEARCHIVAL":false,"CUSTOMPROPERTY1":"","EXTERNALCONNECTION":"","CUSTOMPROPERTY8":"","CUSTOMPROPERTY9":"","CUSTOMPROPERTY6":"","BASECOUNT":-1,"CUSTOMPROPERTY7":"","UNIQUEIDENTITY":"blank","METADATA":"{\"totalData\":551,\"containsBlobTypeColumn\":false,\"lastHistorySize\":551,\"columns\":{\"APPLICATION\":\"VARCHAR\",\"TASK_PENDING_FOR\":\"VARCHAR\",\"STATUS_OF_TASK\":\"VARCHAR\"},\"newControl\":true,\"lastExecutionTime\":\"4.6 Seconds\",\"lastQueryExecutionTime\":\"0.003 Seconds\"}","TAGS":"","QUERYBUILDERJSON":""},{"EMAILTEMPLATE":"","ANALYTICSTYPE":"2","PRECONFIGURED":0,"PERENDPOINT":0,"SUBCATEGORY":"","ACTIONJSON":"{\"sendEmail\":\"false\",\"saveToDBElastic\":{\"version\":\"v2\",\"checked\":\"true\"},\"saveToFile\":\"false\"}","ANALYTICSQRY":"select a.TASKKEY, a.TASKTYPE, e.endpointname AS APPLICATION \r\nfrom arstasks a join endpoints e on a.endpoint=e.endpointkey and e.displayname is not null \r\njoin (select count(*) as totalCount, a.endpoint as EP\r\nfrom arstasks a group by a.endpoint order by totalCount desc limit 5) AS TEMP ON TEMP.EP=a.endpoint","STATUS":1,"ANALYTICSNAME":"Provisioning_Top5ApplicationsByTasks","ALLOWEDACTION":"","DESCRIPTION":"Provisioning_Top5ApplicationsByTasks","RECOMMENDATIONS":"","CATEGORY":"AdminDashboard","COLUMNNAMEASCSV":"{\"leftFilterFieldList\":[\"TASKKEY\",\"TASKTYPE\",\"APPLICATION\"],\"feildSet\":[\"TASKKEY\",\"TASKTYPE\",\"APPLICATION\"]}","DISPLAYNAME":"","NOOFHISTORYTOKEEP":10,"CUSTOMPROPERTY10":"","CREATEDATE":"2025-02-14 09:38:22.0","LASTRUN":"","CUSTOMPROPERTY4":"","RISK":"Low","CUSTOMPROPERTY5":"","CUSTOMPROPERTY2":"","CUSTOMPROPERTY3":"","SECURITYCONTEXT":0,"ENABLEARCHIVAL":false,"CUSTOMPROPERTY1":"","EXTERNALCONNECTION":"","CUSTOMPROPERTY8":"","CUSTOMPROPERTY9":"","CUSTOMPROPERTY6":"","BASECOUNT":-1,"CUSTOMPROPERTY7":"","UNIQUEIDENTITY":"blank","METADATA":"{\"totalData\":1255,\"containsBlobTypeColumn\":false,\"lastHistorySize\":1255,\"columns\":{\"APPLICATION\":\"VARCHAR\",\"totalCount\":\"BIGINT\"},\"newControl\":true,\"lastExecutionTime\":\"2.152 Seconds\",\"lastQueryExecutionTime\":\"0.004 Seconds\"}","TAGS":"","QUERYBUILDERJSON":""},{"EMAILTEMPLATE":"","ANALYTICSTYPE":"2","PRECONFIGURED":0,"PERENDPOINT":0,"SUBCATEGORY":"","ACTIONJSON":"{\"sendEmail\":\"false\",\"saveToDBElastic\":{\"version\":\"v2\",\"checked\":\"true\"},\"saveToFile\":\"false\"}","ANALYTICSQRY":"SELECT DISTINCT JOBNAME AS JOB_NAME, TRIGGERNAME AS TRIGGER_NAME, EXTERNALCONNECTION AS CONNECTION_NAME, SAVRESPONSE AS STATUS_OF_JOB, JOBSTARTDATE AS STARTDATE_OF_JOB, JOBENDDATE AS ENDDATE_OF_JOB FROM ecmimportjob WHERE JOBNAME LIKE 'RiskSODEvaluationJob' AND JOBSTARTDATE >= (UTC_DATE() - INTERVAL 30 DAY)","STATUS":1,"ANALYTICSNAME":"SODEvaluationJob_SuccessRate","ALLOWEDACTION":"","RECOMMENDATIONS":"","DESCRIPTION":"SODEvaluationJob_SuccessRate","CATEGORY":"AdminDashboard","COLUMNNAMEASCSV":"{\"leftFilterFieldList\":[\"JOB_NAME\",\"TRIGGER_NAME\",\"CONNECTION_NAME\",\"STATUS_OF_JOB\",\"STARTDATE_OF_JOB\",\"ENDDATE_OF_JOB\"],\"feildSet\":[\"JOB_NAME\",\"TRIGGER_NAME\",\"CONNECTION_NAME\",\"STATUS_OF_JOB\",\"STARTDATE_OF_JOB\",\"ENDDATE_OF_JOB\"]}","DISPLAYNAME":"","NOOFHISTORYTOKEEP":10,"CUSTOMPROPERTY10":"","CREATEDATE":"2025-02-14 09:38:22.0","LASTRUN":"","CUSTOMPROPERTY4":"","RISK":"Low","CUSTOMPROPERTY5":"","CUSTOMPROPERTY2":"","CUSTOMPROPERTY3":"","SECURITYCONTEXT":0,"ENABLEARCHIVAL":false,"CUSTOMPROPERTY1":"","EXTERNALCONNECTION":"","CUSTOMPROPERTY8":"","CUSTOMPROPERTY9":"","CUSTOMPROPERTY6":"","BASECOUNT":-1,"CUSTOMPROPERTY7":"","UNIQUEIDENTITY":"blank","METADATA":"{\"totalData\":1,\"containsBlobTypeColumn\":false,\"lastHistorySize\":1,\"columns\":{\"TRIGGER_NAME\":\"VARCHAR\",\"STARTDATE_OF_JOB\":\"DATETIME\",\"ENDDATE_OF_JOB\":\"DATETIME\",\"CONNECTION_NAME\":\"MEDIUMTEXT\",\"STATUS_OF_JOB\":\"LONGTEXT\",\"JOB_NAME\":\"VARCHAR\"},\"newControl\":true,\"lastExecutionTime\":\"2.045 Seconds\",\"lastQueryExecutionTime\":\"0.001 Seconds\"}","TAGS":"","QUERYBUILDERJSON":""},{"EMAILTEMPLATE":"","ANALYTICSTYPE":"2","PRECONFIGURED":0,"PERENDPOINT":0,"SUBCATEGORY":"","ACTIONJSON":"{\"sendEmail\":\"false\",\"saveToDBElastic\":{\"version\":\"v2\",\"checked\":\"true\"},\"saveToFile\":\"false\"}","ANALYTICSQRY":"SELECT DISTINCT \r\nJOBNAME AS JOB_NAME, SAVRESPONSE AS STATUS_OF_JOB, JOBSTARTDATE AS STARTDATE_OF_JOB, JOBENDDATE AS ENDDATE_OF_JOB \r\nFROM ecmimportjob \r\nWHERE JOBNAME LIKE 'RuleRunJob' \r\nAND JOBSTARTDATE >= (UTC_DATE() - INTERVAL 30 DAY)","STATUS":1,"ANALYTICSNAME":"UserImport_RuleRunEvaluationSuccessRate","ALLOWEDACTION":"","DESCRIPTION":"UserImport_RuleRunEvaluationSuccessRate","RECOMMENDATIONS":"","CATEGORY":"AdminDashboard","COLUMNNAMEASCSV":"{\"leftFilterFieldList\":[\"JOB_NAME\",\"STATUS_OF_JOB\",\"STARTDATE_OF_JOB\",\"ENDDATE_OF_JOB\"],\"feildSet\":[\"JOB_NAME\",\"STATUS_OF_JOB\",\"STARTDATE_OF_JOB\",\"ENDDATE_OF_JOB\"]}","DISPLAYNAME":"","NOOFHISTORYTOKEEP":10,"CUSTOMPROPERTY10":"","CREATEDATE":"2025-02-14 09:38:22.0","LASTRUN":"","CUSTOMPROPERTY4":"","RISK":"Low","CUSTOMPROPERTY5":"","CUSTOMPROPERTY2":"","CUSTOMPROPERTY3":"","SECURITYCONTEXT":0,"ENABLEARCHIVAL":false,"CUSTOMPROPERTY1":"","EXTERNALCONNECTION":"","CUSTOMPROPERTY8":"","CUSTOMPROPERTY9":"","CUSTOMPROPERTY6":"","BASECOUNT":-1,"CUSTOMPROPERTY7":"","UNIQUEIDENTITY":"blank","METADATA":"{\"totalData\":54,\"containsBlobTypeColumn\":false,\"lastHistorySize\":54,\"columns\":{\"STATUS_OF_JOB\":\"LONGTEXT\",\"JOB_NAME\":\"VARCHAR\",\"TOTALCOUNT\":\"BIGINT\"},\"newControl\":true,\"lastExecutionTime\":\"2.051 Seconds\",\"lastQueryExecutionTime\":\"0.002 Seconds\"}","TAGS":"","QUERYBUILDERJSON":""},{"EMAILTEMPLATE":"","ANALYTICSTYPE":"2","PRECONFIGURED":0,"PERENDPOINT":0,"SUBCATEGORY":"","ACTIONJSON":"{\"sendEmail\":\"false\",\"saveToDBElastic\":{\"version\":\"v2\",\"checked\":\"true\"},\"saveToFile\":\"false\"}","ANALYTICSQRY":"SELECT DISTINCT \r\nJOBNAME AS JOB_NAME, IFNULL(TRIGGERNAME, 'User Upload From UI') AS TRIGGER_NAME, IFNULL(EXTERNALCONNECTION, '') AS JOB_TRIGGER, CASE SAVRESPONSE WHEN 'Success' THEN 'Success' ELSE 'Failed' END AS STATUS_OF_JOB, JOBSTARTDATE AS STARTDATE_OF_JOB, JOBENDDATE AS ENDDATE_OF_JOB \r\nFROM ecmimportjob \r\nWHERE JOBNAME IN ('UserImportJob', 'UserImportFullJob', 'SchemaUserJob')\r\nAND JOBSTARTDATE >= (UTC_DATE() - INTERVAL 30 DAY)","STATUS":1,"ANALYTICSNAME":"UserImport_SuccessRate","ALLOWEDACTION":"","DESCRIPTION":"UserImport_SuccessRate","RECOMMENDATIONS":"","CATEGORY":"AdminDashboard","COLUMNNAMEASCSV":"{\"leftFilterFieldList\":[\"JOB_NAME\",\"TRIGGER_NAME\",\"JOB_TRIGGER\",\"STATUS_OF_JOB\",\"STARTDATE_OF_JOB\",\"ENDDATE_OF_JOB\"],\"feildSet\":[\"JOB_NAME\",\"TRIGGER_NAME\",\"JOB_TRIGGER\",\"STATUS_OF_JOB\",\"STARTDATE_OF_JOB\",\"ENDDATE_OF_JOB\"]}","DISPLAYNAME":"","NOOFHISTORYTOKEEP":10,"CUSTOMPROPERTY10":"","CREATEDATE":"2025-02-14 09:38:22.0","LASTRUN":"","CUSTOMPROPERTY4":"","RISK":"Low","CUSTOMPROPERTY5":"","CUSTOMPROPERTY2":"","CUSTOMPROPERTY3":"","SECURITYCONTEXT":0,"ENABLEARCHIVAL":false,"CUSTOMPROPERTY1":"","EXTERNALCONNECTION":"","CUSTOMPROPERTY8":"","CUSTOMPROPERTY9":"","CUSTOMPROPERTY6":"","BASECOUNT":-1,"CUSTOMPROPERTY7":"","UNIQUEIDENTITY":"blank","METADATA":"{\"totalData\":50,\"containsBlobTypeColumn\":false,\"lastHistorySize\":50,\"columns\":{\"TRIGGER_NAME\":\"VARCHAR\",\"STATUS_OF_JOB\":\"LONGTEXT\",\"JOB_TRIGGER\":\"LONGTEXT\",\"JOB_NAME\":\"VARCHAR\",\"TOTALCOUNT\":\"BIGINT\"},\"newControl\":true,\"lastExecutionTime\":\"2.051 Seconds\",\"lastQueryExecutionTime\":\"0.001 Seconds\"}","TAGS":"","QUERYBUILDERJSON":""}]