{
  "Objects": {
    "analyticsV2": 
    [
      "UserImport_SuccessRate",
      "UserImport_RuleRunEvaluationSuccessRate",
      "SODEvaluationJob_SuccessRate",
      "Provisioning_Top5ApplicationsByTasks",
      "Provisioning_PendingTasks",
      "Provisioning_FailuresPerApplication",
      "ProvisioningJob_SuccessRate",
      "ApplicationImport_OrphanVsCorrelated",
      "CCA_CC_User Manager Campaign Actions By Type",
      "CCA_CC_User_Manager_Campaigns_Created",
      "Dasboard_Managers_Who_Completed_TransferCertififcation_On_Time"
    ]
  },
  "Information": {
    "GUID": "f10fa6c6-5273-40cb-bc9d-b2adf9cbc17e",
    "Exported By": "admin",
    "Exported On": "2025-03-19 13:28:09",
    "System": "localhost:8080",
    "TransferOwners": "0",
    "TransferUsers": "0"
  }
}